receipt_id,year,quarter,company_id,company_name,material_name,supplier,order_date,promised_date,actual_receipt_date,delay_days,ordered_qty,unit,weight_kg,quantity_basis,port_of_discharge,round_trip_candidate,round_trip_target_shipment_id,free_storage_until,risk_stage,note
MAT-0001,2023,Q1,1,옷감사,면 원사,Qingdao Cotton Trading,2022-11-07,2022-12-22,2022-12-24,2,15330.6,kg,15330.6,agent_logic_required_qty_plus_buffer,"Busan, Republic of Korea",N,,,normal_variation,
MAT-0002,2023,Q1,1,옷감사,폴리에스터 원사,Sino Poly Fiber,2022-11-07,2022-12-22,2022-12-22,0,35363.4,kg,35363.4,agent_logic_required_qty_plus_buffer,"Busan, Republic of Korea",N,,,normal_variation,
MAT-0003,2023,Q1,1,옷감사,린넨 원사,Linen Mill Partners,2022-11-07,2022-12-22,2022-12-24,2,84140.2,kg,84140.2,agent_logic_required_qty_plus_buffer,"Busan, Republic of Korea",N,,,normal_variation,
MAT-0004,2023,Q1,1,옷감사,울 원사,Ulaan Wool Trading,2022-11-07,2022-12-22,2022-12-25,3,37865.3,kg,37865.3,agent_logic_required_qty_plus_buffer,"Busan, Republic of Korea",N,,,normal_variation,
MAT-0005,2023,Q1,1,옷감사,혼방 원사,Mixed Yarn Korea,2022-11-07,2022-12-22,2022-12-27,5,19684.3,kg,19684.3,agent_logic_required_qty_plus_buffer,"Busan, Republic of Korea",N,,,normal_variation,
MAT-0006,2023,Q1,1,옷감사,염료,Korea Dye Works,2022-11-07,2022-12-22,2022-12-27,5,8795.1,kg,8795.1,agent_logic_required_qty_plus_buffer,"Busan, Republic of Korea",N,,,normal_variation,
MAT-0007,2023,Q1,2,케어라벨사,라벨원단,Apex Label Materials,2022-11-07,2022-12-22,2022-12-24,2,14633,m,365.825,agent_logic_required_qty_plus_buffer,"Busan, Republic of Korea",N,,,normal_variation,
MAT-0008,2023,Q1,2,케어라벨사,잉크,Korea Ink Supply,2022-11-07,2022-12-22,2022-12-22,0,45,통,4.5,agent_logic_required_qty_plus_buffer,"Busan, Republic of Korea",N,,,normal_variation,
MAT-0009,2023,Q1,3,지퍼단추사,플라스틱원료,Ningbo Resin Parts,2022-11-07,2022-12-22,2022-12-22,0,911.1,kg,911.1,agent_logic_required_qty_plus_buffer,"Busan, Republic of Korea",N,,,normal_variation,
MAT-0010,2023,Q1,3,지퍼단추사,금속원료,Qingdao Metal Parts,2022-11-07,2022-12-22,2022-12-25,3,979.5,kg,979.5,agent_logic_required_qty_plus_buffer,"Busan, Republic of Korea",N,,,normal_variation,
MAT-0011,2023,Q1,3,지퍼단추사,지퍼테이프,Shenzhen Zipper Tape,2022-11-07,2022-12-22,2022-12-24,2,71347,m,,agent_logic_required_qty_plus_buffer,"Busan, Republic of Korea",N,,,normal_variation,
MAT-0012,2023,Q2,1,옷감사,면 원사,Qingdao Cotton Trading,2023-02-05,2023-03-22,2023-03-25,3,38705.2,kg,38705.2,agent_logic_required_qty_plus_buffer,"Busan, Republic of Korea",N,,,normal_variation,
MAT-0013,2023,Q2,1,옷감사,폴리에스터 원사,Sino Poly Fiber,2023-02-05,2023-03-22,2023-03-25,3,56305.5,kg,56305.5,agent_logic_required_qty_plus_buffer,"Busan, Republic of Korea",N,,,normal_variation,
MAT-0014,2023,Q2,1,옷감사,린넨 원사,Linen Mill Partners,2023-02-05,2023-03-22,2023-03-28,6,81943.9,kg,81943.9,agent_logic_required_qty_plus_buffer,"Busan, Republic of Korea",N,,,normal_variation,
MAT-0015,2023,Q2,1,옷감사,울 원사,Ulaan Wool Trading,2023-02-05,2023-03-22,2023-03-28,6,38865.2,kg,38865.2,agent_logic_required_qty_plus_buffer,"Busan, Republic of Korea",N,,,normal_variation,
MAT-0016,2023,Q2,1,옷감사,혼방 원사,Mixed Yarn Korea,2023-02-05,2023-03-22,2023-03-22,0,23832.2,kg,23832.2,agent_logic_required_qty_plus_buffer,"Busan, Republic of Korea",N,,,normal_variation,
MAT-0017,2023,Q2,1,옷감사,염료,Korea Dye Works,2023-02-05,2023-03-22,2023-03-25,3,11133.1,kg,11133.1,agent_logic_required_qty_plus_buffer,"Busan, Republic of Korea",N,,,normal_variation,
MAT-0018,2023,Q2,2,케어라벨사,라벨원단,Apex Label Materials,2023-02-05,2023-03-22,2023-03-26,4,18606,m,465.15,agent_logic_required_qty_plus_buffer,"Busan, Republic of Korea",N,,,normal_variation,
MAT-0019,2023,Q2,2,케어라벨사,잉크,Korea Ink Supply,2023-02-05,2023-03-22,2023-03-22,0,52,통,5.2,agent_logic_required_qty_plus_buffer,"Busan, Republic of Korea",N,,,normal_variation,
MAT-0020,2023,Q2,3,지퍼단추사,플라스틱원료,Ningbo Resin Parts,2023-02-05,2023-03-22,2023-03-27,5,980.5,kg,980.5,agent_logic_required_qty_plus_buffer,"Busan, Republic of Korea",N,,,normal_variation,
MAT-0021,2023,Q2,3,지퍼단추사,금속원료,Qingdao Metal Parts,2023-02-05,2023-03-22,2023-03-24,2,1160.8,kg,1160.8,agent_logic_required_qty_plus_buffer,"Busan, Republic of Korea",N,,,normal_variation,
MAT-0022,2023,Q2,3,지퍼단추사,지퍼테이프,Shenzhen Zipper Tape,2023-02-05,2023-03-22,2023-03-23,1,131460,m,,agent_logic_required_qty_plus_buffer,"Busan, Republic of Korea",N,,,normal_variation,
MAT-0023,2023,Q3,1,옷감사,면 원사,Qingdao Cotton Trading,2023-05-07,2023-06-21,2023-06-23,2,16387.4,kg,16387.4,agent_logic_required_qty_plus_buffer,"Busan, Republic of Korea",N,,,normal_variation,
MAT-0024,2023,Q3,1,옷감사,폴리에스터 원사,Sino Poly Fiber,2023-05-07,2023-06-21,2023-06-26,5,30824.3,kg,30824.3,agent_logic_required_qty_plus_buffer,"Busan, Republic of Korea",N,,,normal_variation,
MAT-0025,2023,Q3,1,옷감사,린넨 원사,Linen Mill Partners,2023-05-07,2023-06-21,2023-06-22,1,101785.2,kg,101785.2,agent_logic_required_qty_plus_buffer,"Busan, Republic of Korea",N,,,normal_variation,
MAT-0026,2023,Q3,1,옷감사,울 원사,Ulaan Wool Trading,2023-05-07,2023-06-21,2023-06-26,5,50552.8,kg,50552.8,agent_logic_required_qty_plus_buffer,"Busan, Republic of Korea",N,,,normal_variation,
MAT-0027,2023,Q3,1,옷감사,혼방 원사,Mixed Yarn Korea,2023-05-07,2023-06-21,2023-06-22,1,38624.1,kg,38624.1,agent_logic_required_qty_plus_buffer,"Busan, Republic of Korea",N,,,normal_variation,
MAT-0028,2023,Q3,1,옷감사,염료,Korea Dye Works,2023-05-07,2023-06-21,2023-06-24,3,10863.2,kg,10863.2,agent_logic_required_qty_plus_buffer,"Busan, Republic of Korea",N,,,normal_variation,
MAT-0029,2023,Q3,2,케어라벨사,라벨원단,Apex Label Materials,2023-05-07,2023-06-21,2023-06-25,4,17663,m,441.575,agent_logic_required_qty_plus_buffer,"Busan, Republic of Korea",N,,,normal_variation,
MAT-0030,2023,Q3,2,케어라벨사,잉크,Korea Ink Supply,2023-05-07,2023-06-21,2023-06-24,3,52,통,5.2,agent_logic_required_qty_plus_buffer,"Busan, Republic of Korea",N,,,normal_variation,
MAT-0031,2023,Q3,3,지퍼단추사,플라스틱원료,Ningbo Resin Parts,2023-05-07,2023-06-21,2023-06-27,6,650.2,kg,650.2,agent_logic_required_qty_plus_buffer,"Busan, Republic of Korea",N,,,normal_variation,
MAT-0032,2023,Q3,3,지퍼단추사,금속원료,Qingdao Metal Parts,2023-05-07,2023-06-21,2023-06-28,7,1802.9,kg,1802.9,agent_logic_required_qty_plus_buffer,"Busan, Republic of Korea",N,,,normal_variation,
MAT-0033,2023,Q3,3,지퍼단추사,지퍼테이프,Shenzhen Zipper Tape,2023-05-07,2023-06-21,2023-06-21,0,93007,m,,agent_logic_required_qty_plus_buffer,"Busan, Republic of Korea",N,,,normal_variation,
MAT-0034,2023,Q4,1,옷감사,면 원사,Qingdao Cotton Trading,2023-08-07,2023-09-21,2023-09-22,1,16715.3,kg,16715.3,agent_logic_required_qty_plus_buffer,"Busan, Republic of Korea",N,,,normal_variation,
MAT-0035,2023,Q4,1,옷감사,폴리에스터 원사,Sino Poly Fiber,2023-08-07,2023-09-21,2023-09-25,4,45234.6,kg,45234.6,agent_logic_required_qty_plus_buffer,"Busan, Republic of Korea",N,,,normal_variation,
MAT-0036,2023,Q4,1,옷감사,린넨 원사,Linen Mill Partners,2023-08-07,2023-09-21,2023-09-21,0,108641.0,kg,108641.0,agent_logic_required_qty_plus_buffer,"Busan, Republic of Korea",N,,,normal_variation,
MAT-0037,2023,Q4,1,옷감사,울 원사,Ulaan Wool Trading,2023-08-07,2023-09-21,2023-09-24,3,49848.7,kg,49848.7,agent_logic_required_qty_plus_buffer,"Busan, Republic of Korea",N,,,normal_variation,
MAT-0038,2023,Q4,1,옷감사,혼방 원사,Mixed Yarn Korea,2023-08-07,2023-09-21,2023-09-25,4,17826.1,kg,17826.1,agent_logic_required_qty_plus_buffer,"Busan, Republic of Korea",N,,,normal_variation,
MAT-0039,2023,Q4,1,옷감사,염료,Korea Dye Works,2023-08-07,2023-09-21,2023-09-22,1,10711.1,kg,10711.1,agent_logic_required_qty_plus_buffer,"Busan, Republic of Korea",N,,,normal_variation,
MAT-0040,2023,Q4,2,케어라벨사,라벨원단,Apex Label Materials,2023-08-07,2023-09-21,2023-09-22,1,16755,m,418.875,agent_logic_required_qty_plus_buffer,"Busan, Republic of Korea",N,,,normal_variation,
MAT-0041,2023,Q4,2,케어라벨사,잉크,Korea Ink Supply,2023-08-07,2023-09-21,2023-09-24,3,51,통,5.1,agent_logic_required_qty_plus_buffer,"Busan, Republic of Korea",N,,,normal_variation,
MAT-0042,2023,Q4,3,지퍼단추사,플라스틱원료,Ningbo Resin Parts,2023-08-07,2023-09-21,2023-09-21,0,840.1,kg,840.1,agent_logic_required_qty_plus_buffer,"Busan, Republic of Korea",N,,,normal_variation,
MAT-0043,2023,Q4,3,지퍼단추사,금속원료,Qingdao Metal Parts,2023-08-07,2023-09-21,2023-09-21,0,1485.6,kg,1485.6,agent_logic_required_qty_plus_buffer,"Busan, Republic of Korea",N,,,normal_variation,
MAT-0044,2023,Q4,3,지퍼단추사,지퍼테이프,Shenzhen Zipper Tape,2023-08-07,2023-09-21,2023-09-21,0,90028,m,,agent_logic_required_qty_plus_buffer,"Busan, Republic of Korea",N,,,normal_variation,
MAT-0045,2024,Q1,1,옷감사,면 원사,Qingdao Cotton Trading,2023-11-07,2023-12-22,2023-12-25,3,12647.9,kg,12647.9,agent_logic_required_qty_plus_buffer,"Busan, Republic of Korea",N,,,normal_variation,
MAT-0046,2024,Q1,1,옷감사,폴리에스터 원사,Sino Poly Fiber,2023-11-07,2023-12-22,2023-12-24,2,25245.6,kg,25245.6,agent_logic_required_qty_plus_buffer,"Busan, Republic of Korea",N,,,normal_variation,
MAT-0047,2024,Q1,1,옷감사,린넨 원사,Linen Mill Partners,2023-11-07,2023-12-22,2023-12-24,2,114381.5,kg,114381.5,agent_logic_required_qty_plus_buffer,"Busan, Republic of Korea",N,,,normal_variation,
MAT-0048,2024,Q1,1,옷감사,울 원사,Ulaan Wool Trading,2023-11-07,2023-12-22,2023-12-22,0,39240.6,kg,39240.6,agent_logic_required_qty_plus_buffer,"Busan, Republic of Korea",N,,,normal_variation,
MAT-0049,2024,Q1,1,옷감사,혼방 원사,Mixed Yarn Korea,2023-11-07,2023-12-22,2023-12-24,2,19850.4,kg,19850.4,agent_logic_required_qty_plus_buffer,"Busan, Republic of Korea",N,,,normal_variation,
MAT-0050,2024,Q1,1,옷감사,염료,Korea Dye Works,2023-11-07,2023-12-22,2023-12-25,3,8501.3,kg,8501.3,agent_logic_required_qty_plus_buffer,"Busan, Republic of Korea",N,,,normal_variation,
MAT-0051,2024,Q1,2,케어라벨사,라벨원단,Apex Label Materials,2023-11-07,2023-12-22,2023-12-27,5,15345,m,383.625,agent_logic_required_qty_plus_buffer,"Busan, Republic of Korea",N,,,normal_variation,
MAT-0052,2024,Q1,2,케어라벨사,잉크,Korea Ink Supply,2023-11-07,2023-12-22,2023-12-27,5,45,통,4.5,agent_logic_required_qty_plus_buffer,"Busan, Republic of Korea",N,,,normal_variation,
MAT-0053,2024,Q1,3,지퍼단추사,플라스틱원료,Ningbo Resin Parts,2023-11-07,2023-12-22,2023-12-28,6,760.9,kg,760.9,agent_logic_required_qty_plus_buffer,"Busan, Republic of Korea",N,,,normal_variation,
MAT-0054,2024,Q1,3,지퍼단추사,금속원료,Qingdao Metal Parts,2023-11-07,2023-12-22,2023-12-26,4,1225.6,kg,1225.6,agent_logic_required_qty_plus_buffer,"Busan, Republic of Korea",N,,,normal_variation,
MAT-0055,2024,Q1,3,지퍼단추사,지퍼테이프,Shenzhen Zipper Tape,2023-11-07,2023-12-22,2023-12-23,1,71093,m,,agent_logic_required_qty_plus_buffer,"Busan, Republic of Korea",N,,,normal_variation,
MAT-0056,2024,Q2,1,옷감사,면 원사,Qingdao Cotton Trading,2024-02-06,2024-03-22,2024-03-27,5,32857.3,kg,32857.3,agent_logic_required_qty_plus_buffer,"Busan, Republic of Korea",N,,,normal_variation,
MAT-0057,2024,Q2,1,옷감사,폴리에스터 원사,Sino Poly Fiber,2024-02-06,2024-03-22,2024-03-24,2,32755.3,kg,32755.3,agent_logic_required_qty_plus_buffer,"Busan, Republic of Korea",N,,,normal_variation,
MAT-0058,2024,Q2,1,옷감사,린넨 원사,Linen Mill Partners,2024-02-06,2024-03-22,2024-03-28,6,105229.7,kg,105229.7,agent_logic_required_qty_plus_buffer,"Busan, Republic of Korea",N,,,normal_variation,
MAT-0059,2024,Q2,1,옷감사,울 원사,Ulaan Wool Trading,2024-02-06,2024-03-22,2024-03-25,3,44868.5,kg,44868.5,agent_logic_required_qty_plus_buffer,"Busan, Republic of Korea",N,,,normal_variation,
MAT-0060,2024,Q2,1,옷감사,혼방 원사,Mixed Yarn Korea,2024-02-06,2024-03-22,2024-03-22,0,19424.7,kg,19424.7,agent_logic_required_qty_plus_buffer,"Busan, Republic of Korea",N,,,normal_variation,
MAT-0061,2024,Q2,1,옷감사,염료,Korea Dye Works,2024-02-06,2024-03-22,2024-03-28,6,10739.0,kg,10739.0,agent_logic_required_qty_plus_buffer,"Busan, Republic of Korea",N,,,normal_variation,
MAT-0062,2024,Q2,2,케어라벨사,라벨원단,Apex Label Materials,2024-02-06,2024-03-22,2024-03-29,7,18347,m,458.675,agent_logic_required_qty_plus_buffer,"Busan, Republic of Korea",N,,,normal_variation,
MAT-0063,2024,Q2,2,케어라벨사,잉크,Korea Ink Supply,2024-02-06,2024-03-22,2024-03-27,5,50,통,5.0,agent_logic_required_qty_plus_buffer,"Busan, Republic of Korea",N,,,normal_variation,
MAT-0064,2024,Q2,3,지퍼단추사,플라스틱원료,Ningbo Resin Parts,2024-02-06,2024-03-22,2024-03-25,3,900.9,kg,900.9,agent_logic_required_qty_plus_buffer,"Busan, Republic of Korea",N,,,normal_variation,
MAT-0065,2024,Q2,3,지퍼단추사,금속원료,Qingdao Metal Parts,2024-02-06,2024-03-22,2024-03-25,3,1431.5,kg,1431.5,agent_logic_required_qty_plus_buffer,"Busan, Republic of Korea",N,,,normal_variation,
MAT-0066,2024,Q2,3,지퍼단추사,지퍼테이프,Shenzhen Zipper Tape,2024-02-06,2024-03-22,2024-03-23,1,89568,m,,agent_logic_required_qty_plus_buffer,"Busan, Republic of Korea",N,,,normal_variation,
MAT-0067,2024,Q3,1,옷감사,면 원사,Qingdao Cotton Trading,2024-05-07,2024-06-21,2024-06-23,2,15076.9,kg,15076.9,agent_logic_required_qty_plus_buffer,"Busan, Republic of Korea",N,,,normal_variation,
MAT-0068,2024,Q3,1,옷감사,폴리에스터 원사,Sino Poly Fiber,2024-05-07,2024-06-21,2024-06-26,5,26699.3,kg,26699.3,agent_logic_required_qty_plus_buffer,"Busan, Republic of Korea",N,,,normal_variation,
MAT-0069,2024,Q3,1,옷감사,린넨 원사,Linen Mill Partners,2024-05-07,2024-06-21,2024-06-23,2,70790.4,kg,70790.4,agent_logic_required_qty_plus_buffer,"Busan, Republic of Korea",N,,,normal_variation,
MAT-0070,2024,Q3,1,옷감사,울 원사,Ulaan Wool Trading,2024-05-07,2024-06-21,2024-06-23,2,90538.6,kg,90538.6,agent_logic_required_qty_plus_buffer,"Busan, Republic of Korea",N,,,normal_variation,
MAT-0071,2024,Q3,1,옷감사,혼방 원사,Mixed Yarn Korea,2024-05-07,2024-06-21,2024-06-25,4,37434.2,kg,37434.2,agent_logic_required_qty_plus_buffer,"Busan, Republic of Korea",N,,,normal_variation,
MAT-0072,2024,Q3,1,옷감사,염료,Korea Dye Works,2024-05-07,2024-06-21,2024-06-24,3,10263.3,kg,10263.3,agent_logic_required_qty_plus_buffer,"Busan, Republic of Korea",N,,,normal_variation,
MAT-0073,2024,Q3,2,케어라벨사,라벨원단,Apex Label Materials,2024-05-07,2024-06-21,2024-06-25,4,17114,m,427.85,agent_logic_required_qty_plus_buffer,"Busan, Republic of Korea",N,,,normal_variation,
MAT-0074,2024,Q3,2,케어라벨사,잉크,Korea Ink Supply,2024-05-07,2024-06-21,2024-06-27,6,45,통,4.5,agent_logic_required_qty_plus_buffer,"Busan, Republic of Korea",N,,,normal_variation,
MAT-0075,2024,Q3,3,지퍼단추사,플라스틱원료,Ningbo Resin Parts,2024-05-07,2024-06-21,2024-06-24,3,556.8,kg,556.8,agent_logic_required_qty_plus_buffer,"Busan, Republic of Korea",N,,,normal_variation,
MAT-0076,2024,Q3,3,지퍼단추사,금속원료,Qingdao Metal Parts,2024-05-07,2024-06-21,2024-06-25,4,1684.4,kg,1684.4,agent_logic_required_qty_plus_buffer,"Busan, Republic of Korea",N,,,normal_variation,
MAT-0077,2024,Q3,3,지퍼단추사,지퍼테이프,Shenzhen Zipper Tape,2024-05-07,2024-06-21,2024-06-27,6,119364,m,,agent_logic_required_qty_plus_buffer,"Busan, Republic of Korea",N,,,normal_variation,
MAT-0078,2024,Q4,1,옷감사,면 원사,Qingdao Cotton Trading,2024-08-07,2024-09-21,2024-09-28,7,15334.3,kg,15334.3,agent_logic_required_qty_plus_buffer,"Busan, Republic of Korea",N,,,normal_variation,
MAT-0079,2024,Q4,1,옷감사,폴리에스터 원사,Sino Poly Fiber,2024-08-07,2024-09-21,2024-09-23,2,46155.5,kg,46155.5,agent_logic_required_qty_plus_buffer,"Busan, Republic of Korea",N,,,normal_variation,
MAT-0080,2024,Q4,1,옷감사,린넨 원사,Linen Mill Partners,2024-08-07,2024-09-21,2024-09-21,0,100209.4,kg,100209.4,agent_logic_required_qty_plus_buffer,"Busan, Republic of Korea",N,,,normal_variation,
MAT-0081,2024,Q4,1,옷감사,울 원사,Ulaan Wool Trading,2024-08-07,2024-09-21,2024-09-23,2,48711.0,kg,48711.0,agent_logic_required_qty_plus_buffer,"Busan, Republic of Korea",N,,,normal_variation,
MAT-0082,2024,Q4,1,옷감사,혼방 원사,Mixed Yarn Korea,2024-08-07,2024-09-21,2024-09-27,6,22121.1,kg,22121.1,agent_logic_required_qty_plus_buffer,"Busan, Republic of Korea",N,,,normal_variation,
MAT-0083,2024,Q4,1,옷감사,염료,Korea Dye Works,2024-08-07,2024-09-21,2024-09-21,0,10501.1,kg,10501.1,agent_logic_required_qty_plus_buffer,"Busan, Republic of Korea",N,,,normal_variation,
MAT-0084,2024,Q4,2,케어라벨사,라벨원단,Apex Label Materials,2024-08-07,2024-09-21,2024-09-26,5,18363,m,459.075,agent_logic_required_qty_plus_buffer,"Busan, Republic of Korea",N,,,normal_variation,
MAT-0085,2024,Q4,2,케어라벨사,잉크,Korea Ink Supply,2024-08-07,2024-09-21,2024-09-25,4,50,통,5.0,agent_logic_required_qty_plus_buffer,"Busan, Republic of Korea",N,,,normal_variation,
MAT-0086,2024,Q4,3,지퍼단추사,플라스틱원료,Ningbo Resin Parts,2024-08-07,2024-09-21,2024-09-21,0,1139.2,kg,1139.2,agent_logic_required_qty_plus_buffer,"Busan, Republic of Korea",N,,,normal_variation,
MAT-0087,2024,Q4,3,지퍼단추사,금속원료,Qingdao Metal Parts,2024-08-07,2024-09-21,2024-09-23,2,1325.0,kg,1325.0,agent_logic_required_qty_plus_buffer,"Busan, Republic of Korea",N,,,normal_variation,
MAT-0088,2024,Q4,3,지퍼단추사,지퍼테이프,Shenzhen Zipper Tape,2024-08-07,2024-09-21,2024-09-25,4,89200,m,,agent_logic_required_qty_plus_buffer,"Busan, Republic of Korea",N,,,normal_variation,
MAT-0089,2025,Q1,1,옷감사,면 원사,Qingdao Cotton Trading,2024-11-07,2024-12-22,2025-01-05,14,14658.6,kg,14658.6,agent_logic_required_qty_plus_buffer,"Busan, Republic of Korea",N,,,watch,
MAT-0090,2025,Q1,1,옷감사,폴리에스터 원사,Sino Poly Fiber,2024-11-07,2024-12-22,2024-12-24,2,24322.4,kg,24322.4,agent_logic_required_qty_plus_buffer,"Busan, Republic of Korea",N,,,normal_variation,
MAT-0091,2025,Q1,1,옷감사,린넨 원사,Linen Mill Partners,2024-11-07,2024-12-22,2024-12-24,2,86943.5,kg,86943.5,agent_logic_required_qty_plus_buffer,"Busan, Republic of Korea",N,,,normal_variation,
MAT-0092,2025,Q1,1,옷감사,울 원사,Ulaan Wool Trading,2024-11-07,2024-12-22,2024-12-26,4,45717.1,kg,45717.1,agent_logic_required_qty_plus_buffer,"Busan, Republic of Korea",N,,,normal_variation,
MAT-0093,2025,Q1,1,옷감사,혼방 원사,Mixed Yarn Korea,2024-11-07,2024-12-22,2024-12-28,6,35263.5,kg,35263.5,agent_logic_required_qty_plus_buffer,"Busan, Republic of Korea",N,,,normal_variation,
MAT-0094,2025,Q1,1,옷감사,염료,Korea Dye Works,2024-11-07,2024-12-22,2024-12-23,1,8661.8,kg,8661.8,agent_logic_required_qty_plus_buffer,"Busan, Republic of Korea",N,,,normal_variation,
MAT-0095,2025,Q1,2,케어라벨사,라벨원단,Apex Label Materials,2024-11-07,2024-12-22,2025-01-07,16,15125,m,378.125,agent_logic_required_qty_plus_buffer,"Busan, Republic of Korea",N,,,material_risk,
MAT-0096,2025,Q1,2,케어라벨사,잉크,Korea Ink Supply,2024-11-07,2024-12-22,2024-12-24,2,42,통,4.2,agent_logic_required_qty_plus_buffer,"Busan, Republic of Korea",N,,,normal_variation,
MAT-0097,2025,Q1,3,지퍼단추사,플라스틱원료,Ningbo Resin Parts,2024-11-07,2024-12-22,2024-12-27,5,482.8,kg,482.8,agent_logic_required_qty_plus_buffer,"Busan, Republic of Korea",N,,,normal_variation,
MAT-0098,2025,Q1,3,지퍼단추사,금속원료,Qingdao Metal Parts,2024-11-07,2024-12-22,2025-01-01,10,1510.6,kg,1510.6,agent_logic_required_qty_plus_buffer,"Busan, Republic of Korea",N,,,watch,
MAT-0099,2025,Q1,3,지퍼단추사,지퍼테이프,Shenzhen Zipper Tape,2024-11-07,2024-12-22,2024-12-27,5,83196,m,,agent_logic_required_qty_plus_buffer,"Busan, Republic of Korea",N,,,normal_variation,
MAT-0100,2025,Q2,1,옷감사,면 원사,Qingdao Cotton Trading,2025-02-05,2025-03-22,2025-04-12,21,15655.8,kg,15655.8,agent_logic_required_qty_plus_buffer,"Busan, Republic of Korea",N,,,supplier_problem_candidate,
MAT-0101,2025,Q2,1,옷감사,폴리에스터 원사,Sino Poly Fiber,2025-02-05,2025-03-22,2025-03-24,2,37757.8,kg,37757.8,agent_logic_required_qty_plus_buffer,"Busan, Republic of Korea",N,,,normal_variation,
MAT-0102,2025,Q2,1,옷감사,린넨 원사,Linen Mill Partners,2025-02-05,2025-03-22,2025-03-26,4,112985.1,kg,112985.1,agent_logic_required_qty_plus_buffer,"Busan, Republic of Korea",N,,,normal_variation,
MAT-0103,2025,Q2,1,옷감사,울 원사,Ulaan Wool Trading,2025-02-05,2025-03-22,2025-03-28,6,44519.6,kg,44519.6,agent_logic_required_qty_plus_buffer,"Busan, Republic of Korea",N,,,normal_variation,
MAT-0104,2025,Q2,1,옷감사,혼방 원사,Mixed Yarn Korea,2025-02-05,2025-03-22,2025-03-23,1,22697.7,kg,22697.7,agent_logic_required_qty_plus_buffer,"Busan, Republic of Korea",N,,,normal_variation,
MAT-0105,2025,Q2,1,옷감사,염료,Korea Dye Works,2025-02-05,2025-03-22,2025-03-24,2,10376.7,kg,10376.7,agent_logic_required_qty_plus_buffer,"Busan, Republic of Korea",N,,,normal_variation,
MAT-0106,2025,Q2,2,케어라벨사,라벨원단,Apex Label Materials,2025-02-05,2025-03-22,2025-04-12,21,17021,m,425.525,agent_logic_required_qty_plus_buffer,"Busan, Republic of Korea",N,,,supplier_problem_candidate,
MAT-0107,2025,Q2,2,케어라벨사,잉크,Korea Ink Supply,2025-02-05,2025-03-22,2025-03-28,6,51,통,5.1,agent_logic_required_qty_plus_buffer,"Busan, Republic of Korea",N,,,normal_variation,
MAT-0108,2025,Q2,3,지퍼단추사,플라스틱원료,Ningbo Resin Parts,2025-02-05,2025-03-22,2025-03-26,4,837.9,kg,837.9,agent_logic_required_qty_plus_buffer,"Busan, Republic of Korea",N,,,normal_variation,
MAT-0109,2025,Q2,3,지퍼단추사,금속원료,Qingdao Metal Parts,2025-02-05,2025-03-22,2025-04-10,19,1546.1,kg,1546.1,agent_logic_required_qty_plus_buffer,"Busan, Republic of Korea",N,,,material_risk,
MAT-0110,2025,Q2,3,지퍼단추사,지퍼테이프,Shenzhen Zipper Tape,2025-02-05,2025-03-22,2025-03-23,1,82933,m,,agent_logic_required_qty_plus_buffer,"Busan, Republic of Korea",N,,,normal_variation,
MAT-0111,2025,Q3,1,옷감사,면 원사,Qingdao Cotton Trading,2025-05-07,2025-06-21,2025-07-11,20,14781.2,kg,14781.2,agent_logic_required_qty_plus_buffer,"Busan, Republic of Korea",N,,,material_risk,
MAT-0112,2025,Q3,1,옷감사,폴리에스터 원사,Sino Poly Fiber,2025-05-07,2025-06-21,2025-06-24,3,57450.0,kg,57450.0,agent_logic_required_qty_plus_buffer,"Busan, Republic of Korea",N,,,normal_variation,
MAT-0113,2025,Q3,1,옷감사,린넨 원사,Linen Mill Partners,2025-05-07,2025-06-21,2025-06-24,3,63688.9,kg,63688.9,agent_logic_required_qty_plus_buffer,"Busan, Republic of Korea",N,,,normal_variation,
MAT-0114,2025,Q3,1,옷감사,울 원사,Ulaan Wool Trading,2025-05-07,2025-06-21,2025-06-22,1,89504.8,kg,89504.8,agent_logic_required_qty_plus_buffer,"Busan, Republic of Korea",N,,,normal_variation,
MAT-0115,2025,Q3,1,옷감사,혼방 원사,Mixed Yarn Korea,2025-05-07,2025-06-21,2025-06-21,0,24915.7,kg,24915.7,agent_logic_required_qty_plus_buffer,"Busan, Republic of Korea",N,,,normal_variation,
MAT-0116,2025,Q3,1,옷감사,염료,Korea Dye Works,2025-05-07,2025-06-21,2025-06-27,6,10904.8,kg,10904.8,agent_logic_required_qty_plus_buffer,"Busan, Republic of Korea",N,,,normal_variation,
MAT-0117,2025,Q3,2,케어라벨사,라벨원단,Apex Label Materials,2025-05-07,2025-06-21,2025-07-13,22,16331,m,408.275,agent_logic_required_qty_plus_buffer,"Busan, Republic of Korea",N,,,supplier_problem_candidate,
MAT-0118,2025,Q3,2,케어라벨사,잉크,Korea Ink Supply,2025-05-07,2025-06-21,2025-06-27,6,51,통,5.1,agent_logic_required_qty_plus_buffer,"Busan, Republic of Korea",N,,,normal_variation,
MAT-0119,2025,Q3,3,지퍼단추사,플라스틱원료,Ningbo Resin Parts,2025-05-07,2025-06-21,2025-06-26,5,568.3,kg,568.3,agent_logic_required_qty_plus_buffer,"Busan, Republic of Korea",N,,,normal_variation,
MAT-0120,2025,Q3,3,지퍼단추사,금속원료,Qingdao Metal Parts,2025-05-07,2025-06-21,2025-07-15,24,1454.8,kg,1454.8,agent_logic_required_qty_plus_buffer,"Busan, Republic of Korea",N,,,supplier_problem_candidate,
MAT-0121,2025,Q3,3,지퍼단추사,지퍼테이프,Shenzhen Zipper Tape,2025-05-07,2025-06-21,2025-06-25,4,175913,m,,agent_logic_required_qty_plus_buffer,"Busan, Republic of Korea",N,,,normal_variation,
MAT-0122,2025,Q4,1,옷감사,면 원사,Qingdao Cotton Trading,2025-08-07,2025-09-21,2025-10-16,25,15805.0,kg,15805.0,agent_logic_required_qty_plus_buffer,"Busan, Republic of Korea",N,,,supplier_problem_candidate,
MAT-0123,2025,Q4,1,옷감사,폴리에스터 원사,Sino Poly Fiber,2025-08-07,2025-09-21,2025-09-23,2,32391.5,kg,32391.5,agent_logic_required_qty_plus_buffer,"Busan, Republic of Korea",N,,,normal_variation,
MAT-0124,2025,Q4,1,옷감사,린넨 원사,Linen Mill Partners,2025-08-07,2025-09-21,2025-09-27,6,129967.4,kg,129967.4,agent_logic_required_qty_plus_buffer,"Busan, Republic of Korea",N,,,normal_variation,
MAT-0125,2025,Q4,1,옷감사,울 원사,Ulaan Wool Trading,2025-08-07,2025-09-21,2025-09-23,2,47178.0,kg,47178.0,agent_logic_required_qty_plus_buffer,"Busan, Republic of Korea",N,,,normal_variation,
MAT-0126,2025,Q4,1,옷감사,혼방 원사,Mixed Yarn Korea,2025-08-07,2025-09-21,2025-09-23,2,18217.7,kg,18217.7,agent_logic_required_qty_plus_buffer,"Busan, Republic of Korea",N,,,normal_variation,
MAT-0127,2025,Q4,1,옷감사,염료,Korea Dye Works,2025-08-07,2025-09-21,2025-09-24,3,9910.8,kg,9910.8,agent_logic_required_qty_plus_buffer,"Busan, Republic of Korea",N,,,normal_variation,
MAT-0128,2025,Q4,2,케어라벨사,라벨원단,Apex Label Materials,2025-08-07,2025-09-21,2025-10-22,31,18639,m,465.975,agent_logic_required_qty_plus_buffer,"Busan, Republic of Korea",N,,,supplier_problem_candidate,
MAT-0129,2025,Q4,2,케어라벨사,잉크,Korea Ink Supply,2025-08-07,2025-09-21,2025-09-26,5,49,통,4.9,agent_logic_required_qty_plus_buffer,"Busan, Republic of Korea",N,,,normal_variation,
MAT-0130,2025,Q4,3,지퍼단추사,플라스틱원료,Ningbo Resin Parts,2025-08-07,2025-09-21,2025-09-24,3,896.2,kg,896.2,agent_logic_required_qty_plus_buffer,"Busan, Republic of Korea",N,,,normal_variation,
MAT-0131,2025,Q4,3,지퍼단추사,금속원료,Qingdao Metal Parts,2025-08-07,2025-09-21,2025-10-20,29,1526.6,kg,1526.6,agent_logic_required_qty_plus_buffer,"Busan, Republic of Korea",N,,,supplier_problem_candidate,
MAT-0132,2025,Q4,3,지퍼단추사,지퍼테이프,Shenzhen Zipper Tape,2025-08-07,2025-09-21,2025-09-26,5,82666,m,,agent_logic_required_qty_plus_buffer,"Busan, Republic of Korea",N,,,normal_variation,
MAT-0133,2026,Q1,1,옷감사,면 원사,Qingdao Cotton Trading,2025-11-07,2025-12-22,2026-01-18,27,13307.1,kg,13307.1,agent_logic_required_qty_plus_buffer,"Busan, Republic of Korea",N,,,supplier_problem_candidate,
MAT-0134,2026,Q1,1,옷감사,폴리에스터 원사,Sino Poly Fiber,2025-11-07,2025-12-22,2025-12-25,3,25054.0,kg,25054.0,agent_logic_required_qty_plus_buffer,"Busan, Republic of Korea",N,,,normal_variation,
MAT-0135,2026,Q1,1,옷감사,린넨 원사,Linen Mill Partners,2025-11-07,2025-12-22,2025-12-25,3,54766.1,kg,54766.1,agent_logic_required_qty_plus_buffer,"Busan, Republic of Korea",N,,,normal_variation,
MAT-0136,2026,Q1,1,옷감사,울 원사,Ulaan Wool Trading,2025-11-07,2025-12-22,2025-12-25,3,81383.4,kg,81383.4,agent_logic_required_qty_plus_buffer,"Busan, Republic of Korea",N,,,normal_variation,
MAT-0137,2026,Q1,1,옷감사,혼방 원사,Mixed Yarn Korea,2025-11-07,2025-12-22,2025-12-24,2,31348.5,kg,31348.5,agent_logic_required_qty_plus_buffer,"Busan, Republic of Korea",N,,,normal_variation,
MAT-0138,2026,Q1,1,옷감사,염료,Korea Dye Works,2025-11-07,2025-12-22,2025-12-23,1,8072.8,kg,8072.8,agent_logic_required_qty_plus_buffer,"Busan, Republic of Korea",N,,,normal_variation,
MAT-0139,2026,Q1,2,케어라벨사,라벨원단,Apex Label Materials,2025-11-07,2025-12-22,2026-01-12,21,13441,m,336.025,agent_logic_required_qty_plus_buffer,"Busan, Republic of Korea",N,,,supplier_problem_candidate,
MAT-0140,2026,Q1,2,케어라벨사,잉크,Korea Ink Supply,2025-11-07,2025-12-22,2025-12-22,0,40,통,4.0,agent_logic_required_qty_plus_buffer,"Busan, Republic of Korea",N,,,normal_variation,
MAT-0141,2026,Q1,3,지퍼단추사,플라스틱원료,Ningbo Resin Parts,2025-11-07,2025-12-22,2025-12-25,3,476.6,kg,476.6,agent_logic_required_qty_plus_buffer,"Busan, Republic of Korea",N,,,normal_variation,
MAT-0142,2026,Q1,3,지퍼단추사,금속원료,Qingdao Metal Parts,2025-11-07,2025-12-22,2026-01-14,23,1439.2,kg,1439.2,agent_logic_required_qty_plus_buffer,"Busan, Republic of Korea",N,,,supplier_problem_candidate,
MAT-0143,2026,Q1,3,지퍼단추사,지퍼테이프,Shenzhen Zipper Tape,2025-11-07,2025-12-22,2025-12-27,5,108914,m,,agent_logic_required_qty_plus_buffer,"Busan, Republic of Korea",N,,,normal_variation,
MAT-0144,2026,Q2,1,옷감사,면 원사,Qingdao Cotton Trading,2026-02-05,2026-03-22,2026-04-24,33,17812.2,kg,17812.2,agent_logic_required_qty_plus_buffer,"Busan, Republic of Korea",N,,,supplier_problem_candidate,
MAT-0145,2026,Q2,1,옷감사,폴리에스터 원사,Sino Poly Fiber,2026-02-05,2026-03-22,2026-03-26,4,41938.7,kg,41938.7,agent_logic_required_qty_plus_buffer,"Busan, Republic of Korea",N,,,normal_variation,
MAT-0146,2026,Q2,1,옷감사,린넨 원사,Linen Mill Partners,2026-02-05,2026-03-22,2026-03-25,3,87513.8,kg,87513.8,agent_logic_required_qty_plus_buffer,"Busan, Republic of Korea",N,,,normal_variation,
MAT-0147,2026,Q2,1,옷감사,울 원사,Ulaan Wool Trading,2026-02-05,2026-03-22,2026-03-28,6,41358.5,kg,41358.5,agent_logic_required_qty_plus_buffer,"Busan, Republic of Korea",N,,,normal_variation,
MAT-0148,2026,Q2,1,옷감사,혼방 원사,Mixed Yarn Korea,2026-02-05,2026-03-22,2026-03-25,3,20861.2,kg,20861.2,agent_logic_required_qty_plus_buffer,"Busan, Republic of Korea",N,,,normal_variation,
MAT-0149,2026,Q2,1,옷감사,염료,Korea Dye Works,2026-02-05,2026-03-22,2026-03-27,5,9170.5,kg,9170.5,agent_logic_required_qty_plus_buffer,"Busan, Republic of Korea",N,,,normal_variation,
MAT-0150,2026,Q2,2,케어라벨사,라벨원단,Apex Label Materials,2026-02-05,2026-03-22,2026-04-20,29,16509,m,412.725,agent_logic_required_qty_plus_buffer,"Busan, Republic of Korea",N,,,supplier_problem_candidate,
MAT-0151,2026,Q2,2,케어라벨사,잉크,Korea Ink Supply,2026-02-05,2026-03-22,2026-03-23,1,49,통,4.9,agent_logic_required_qty_plus_buffer,"Busan, Republic of Korea",N,,,normal_variation,
MAT-0152,2026,Q2,3,지퍼단추사,플라스틱원료,Ningbo Resin Parts,2026-02-05,2026-03-22,2026-03-25,3,1015.9,kg,1015.9,agent_logic_required_qty_plus_buffer,"Busan, Republic of Korea",N,,,normal_variation,
MAT-0153,2026,Q2,3,지퍼단추사,금속원료,Qingdao Metal Parts,2026-02-05,2026-03-22,2026-04-26,35,1071.1,kg,1071.1,agent_logic_required_qty_plus_buffer,"Busan, Republic of Korea",N,,,supplier_problem_candidate,
MAT-0154,2026,Q2,3,지퍼단추사,지퍼테이프,Shenzhen Zipper Tape,2026-02-05,2026-03-22,2026-03-22,0,83328,m,,agent_logic_required_qty_plus_buffer,"Busan, Republic of Korea",N,,,normal_variation,
MAT-0155,2026,Q3,1,옷감사,면 원사,Qingdao Cotton Trading,2026-05-07,2026-06-21,2026-07-29,38,16236.6,kg,16236.6,agent_logic_required_qty_plus_buffer,"Busan, Republic of Korea",N,,,supplier_problem_candidate,
MAT-0156,2026,Q3,1,옷감사,폴리에스터 원사,Sino Poly Fiber,2026-05-07,2026-06-21,2026-06-26,5,60129.6,kg,60129.6,agent_logic_required_qty_plus_buffer,"Busan, Republic of Korea",N,,,normal_variation,
MAT-0157,2026,Q3,1,옷감사,린넨 원사,Linen Mill Partners,2026-05-07,2026-06-21,2026-06-24,3,93591.4,kg,93591.4,agent_logic_required_qty_plus_buffer,"Busan, Republic of Korea",N,,,normal_variation,
MAT-0158,2026,Q3,1,옷감사,울 원사,Ulaan Wool Trading,2026-05-07,2026-06-21,2026-06-23,2,80013.6,kg,80013.6,agent_logic_required_qty_plus_buffer,"Busan, Republic of Korea",N,,,normal_variation,
MAT-0159,2026,Q3,1,옷감사,혼방 원사,Mixed Yarn Korea,2026-05-07,2026-06-21,2026-06-24,3,18890.8,kg,18890.8,agent_logic_required_qty_plus_buffer,"Busan, Republic of Korea",N,,,normal_variation,
MAT-0160,2026,Q3,1,옷감사,염료,Korea Dye Works,2026-05-07,2026-06-21,2026-06-25,4,12716.2,kg,12716.2,agent_logic_required_qty_plus_buffer,"Busan, Republic of Korea",N,,,normal_variation,
MAT-0161,2026,Q3,2,케어라벨사,라벨원단,Apex Label Materials,2026-05-07,2026-06-21,2026-07-30,39,19514,m,487.85,agent_logic_required_qty_plus_buffer,"Busan, Republic of Korea",N,,,supplier_problem_candidate,
MAT-0162,2026,Q3,2,케어라벨사,잉크,Korea Ink Supply,2026-05-07,2026-06-21,2026-06-24,3,58,통,5.8,agent_logic_required_qty_plus_buffer,"Busan, Republic of Korea",N,,,normal_variation,
MAT-0163,2026,Q3,3,지퍼단추사,플라스틱원료,Ningbo Resin Parts,2026-05-07,2026-06-21,2026-06-23,2,793.5,kg,793.5,agent_logic_required_qty_plus_buffer,"Busan, Republic of Korea",N,,,normal_variation,
MAT-0164,2026,Q3,3,지퍼단추사,금속원료,Qingdao Metal Parts,2026-05-07,2026-06-21,2026-07-26,35,1549.8,kg,1549.8,agent_logic_required_qty_plus_buffer,"Busan, Republic of Korea",N,,,supplier_problem_candidate,
MAT-0165,2026,Q3,3,지퍼단추사,지퍼테이프,Shenzhen Zipper Tape,2026-05-07,2026-06-21,2026-06-23,2,154256,m,,agent_logic_required_qty_plus_buffer,"Busan, Republic of Korea",N,,,normal_variation,
MAT-0166,2026,Q4,1,옷감사,면 원사,Vietnam Yarn Backup,2026-08-07,2026-09-21,2026-09-24,3,16948.4,kg,16948.4,agent_logic_required_qty_plus_buffer,"Busan, Republic of Korea",N,,,normal_variation,대체 공급사 테스트
MAT-0167,2026,Q4,1,옷감사,폴리에스터 원사,Sino Poly Fiber,2026-08-07,2026-09-21,2026-09-21,0,54349.9,kg,54349.9,agent_logic_required_qty_plus_buffer,"Busan, Republic of Korea",N,,,normal_variation,
MAT-0168,2026,Q4,1,옷감사,린넨 원사,Linen Mill Partners,2026-08-07,2026-09-21,2026-09-23,2,76675.0,kg,76675.0,agent_logic_required_qty_plus_buffer,"Busan, Republic of Korea",N,,,normal_variation,
MAT-0169,2026,Q4,1,옷감사,울 원사,Ulaan Wool Trading,2026-08-07,2026-09-21,2026-09-21,0,88205.0,kg,88205.0,agent_logic_required_qty_plus_buffer,"Busan, Republic of Korea",N,,,normal_variation,
MAT-0170,2026,Q4,1,옷감사,혼방 원사,Mixed Yarn Korea,2026-08-07,2026-09-21,2026-09-26,5,20885.6,kg,20885.6,agent_logic_required_qty_plus_buffer,"Busan, Republic of Korea",N,,,normal_variation,
MAT-0171,2026,Q4,1,옷감사,염료,Korea Dye Works,2026-08-07,2026-09-21,2026-09-22,1,10879.5,kg,10879.5,agent_logic_required_qty_plus_buffer,"Busan, Republic of Korea",N,,,normal_variation,
MAT-0172,2026,Q4,2,케어라벨사,라벨원단,Stable Label Backup,2026-08-07,2026-09-21,2026-09-25,4,17609,m,440.225,agent_logic_required_qty_plus_buffer,"Busan, Republic of Korea",N,,,normal_variation,대체 공급사 테스트
MAT-0173,2026,Q4,2,케어라벨사,잉크,Korea Ink Supply,2026-08-07,2026-09-21,2026-09-25,4,50,통,5.0,agent_logic_required_qty_plus_buffer,"Busan, Republic of Korea",N,,,normal_variation,
MAT-0174,2026,Q4,3,지퍼단추사,플라스틱원료,Ningbo Resin Parts,2026-08-07,2026-09-21,2026-09-24,3,661.3,kg,661.3,agent_logic_required_qty_plus_buffer,"Busan, Republic of Korea",N,,,normal_variation,
MAT-0175,2026,Q4,3,지퍼단추사,금속원료,Incheon Metal Backup,2026-08-07,2026-09-21,2026-09-25,4,1527.5,kg,1527.5,agent_logic_required_qty_plus_buffer,"Busan, Republic of Korea",N,,,normal_variation,대체 공급사 테스트
MAT-0176,2026,Q4,3,지퍼단추사,지퍼테이프,Shenzhen Zipper Tape,2026-08-07,2026-09-21,2026-09-22,1,181289,m,,agent_logic_required_qty_plus_buffer,"Busan, Republic of Korea",N,,,normal_variation,
MAT-0177,2026,Q3,2,케어라벨사,라벨원단,Stable Label Backup,2026-05-17,2026-07-01,2026-07-01,0,661,m,16.525,round_trip_demo_partial_bl_under_free_port_storage,"Busan, Republic of Korea",Y,SHP-202607-01,2026-07-03,round_trip_candidate,귀로매칭 시연용: 항구 무료보관 2일 내 수출건과 연결
MAT-0178,2026,Q3,1,옷감사,울 원사,Ulaan Wool Trading,2026-05-18,2026-07-02,2026-07-02,0,11548.0,kg,11548.0,round_trip_demo_partial_bl_under_free_port_storage,"Busan, Republic of Korea",Y,SHP-202607-01,2026-07-04,round_trip_candidate,귀로매칭 시연용: 항구 무료보관 2일 내 수출건과 연결
MAT-0179,2026,Q3,2,케어라벨사,라벨원단,Stable Label Backup,2026-05-26,2026-07-10,2026-07-10,0,691,m,17.275,round_trip_demo_partial_bl_under_free_port_storage,"Incheon, Republic of Korea",Y,SHP-202607-02,2026-07-12,round_trip_candidate,귀로매칭 시연용: 항구 무료보관 2일 내 수출건과 연결
MAT-0180,2026,Q3,3,지퍼단추사,지퍼테이프,Shenzhen Zipper Tape,2026-05-24,2026-07-08,2026-07-08,0,19172,m,,round_trip_demo_partial_bl_under_free_port_storage,"Incheon, Republic of Korea",Y,SHP-202607-02,2026-07-10,round_trip_candidate,귀로매칭 시연용: 항구 무료보관 2일 내 수출건과 연결
MAT-0181,2026,Q3,1,옷감사,면 원사,Vietnam Yarn Backup,2026-06-01,2026-07-16,2026-07-16,0,4293.0,kg,4293.0,round_trip_demo_partial_bl_under_free_port_storage,"Busan, Republic of Korea",Y,SHP-202607-03,2026-07-18,round_trip_candidate,귀로매칭 시연용: 항구 무료보관 2일 내 수출건과 연결
MAT-0182,2026,Q3,2,케어라벨사,라벨원단,Stable Label Backup,2026-06-02,2026-07-17,2026-07-17,0,644,m,16.1,round_trip_demo_partial_bl_under_free_port_storage,"Busan, Republic of Korea",Y,SHP-202607-03,2026-07-19,round_trip_candidate,귀로매칭 시연용: 항구 무료보관 2일 내 수출건과 연결
MAT-0183,2026,Q3,3,지퍼단추사,플라스틱원료,Ningbo Resin Parts,2026-05-31,2026-07-15,2026-07-15,0,120.0,kg,120.0,round_trip_demo_partial_bl_under_free_port_storage,"Busan, Republic of Korea",Y,SHP-202607-03,2026-07-17,round_trip_candidate,귀로매칭 시연용: 항구 무료보관 2일 내 수출건과 연결
MAT-0184,2026,Q3,2,케어라벨사,라벨원단,Stable Label Backup,2026-06-08,2026-07-23,2026-07-23,0,776,m,19.4,round_trip_demo_partial_bl_under_free_port_storage,"Incheon, Republic of Korea",Y,SHP-202607-04,2026-07-25,round_trip_candidate,귀로매칭 시연용: 항구 무료보관 2일 내 수출건과 연결
MAT-0185,2026,Q3,1,옷감사,폴리에스터 원사,Sino Poly Fiber,2026-06-16,2026-07-31,2026-07-31,0,3010.0,kg,3010.0,round_trip_demo_partial_bl_under_free_port_storage,"Busan, Republic of Korea",Y,SHP-202607-05,2026-08-02,round_trip_candidate,귀로매칭 시연용: 항구 무료보관 2일 내 수출건과 연결
MAT-0186,2026,Q3,3,지퍼단추사,플라스틱원료,Ningbo Resin Parts,2026-06-14,2026-07-29,2026-07-29,0,120.0,kg,120.0,round_trip_demo_partial_bl_under_free_port_storage,"Busan, Republic of Korea",Y,SHP-202607-05,2026-07-31,round_trip_candidate,귀로매칭 시연용: 항구 무료보관 2일 내 수출건과 연결
