production_id,shipment_batch_id,company_id,company_name,label_code,season,gender,fabric,garment_type,color,garment_units,production_qty,production_unit,shipment_weight_kg,production_start_date,production_complete_date,production_due_date,production_duration_days,due_buffer_days,is_late,line_or_machine,risk_stage,scenario_tag
PRD-00001,SHP-202301-01,1,옷감사,W2WPL07BE,여름,여성,린넨,바지,베이지,32343,51748.8,야드,15524.6,2022-12-04,2022-12-18,2023-01-08,14,21,N,fabric-line-2,normal,smooth
PRD-00002,SHP-202301-01,2,케어라벨사,W2WPL07BE,여름,여성,린넨,바지,베이지,32343,32343,장,32.343,2022-12-09,2022-12-13,2023-01-08,4,26,N,label-line-3,normal,smooth
PRD-00003,SHP-202301-01,3,지퍼단추사,W2WPL07BE,여름,여성,린넨,바지,베이지,32343,32343,개,161.715,2022-12-06,2022-12-15,2023-01-08,9,24,N,zipper-line-4,normal,smooth
PRD-00004,SHP-202301-02,1,옷감사,W1MTP05BE,봄,남성,폴리에스터,티셔츠,베이지,32046,38455.2,야드,11536.6,2022-12-17,2022-12-30,2023-01-18,13,19,N,fabric-line-5,normal,smooth
PRD-00005,SHP-202301-02,2,케어라벨사,W1MTP05BE,봄,남성,폴리에스터,티셔츠,베이지,32046,32046,장,32.046,2022-12-18,2022-12-25,2023-01-18,7,24,N,label-line-6,normal,smooth
PRD-00006,SHP-202301-02,3,지퍼단추사,W1MTP05BE,봄,남성,폴리에스터,티셔츠,베이지,32046,32046,개,160.23,2022-12-14,2022-12-20,2023-01-18,6,29,N,zipper-line-1,normal,smooth
PRD-00007,SHP-202301-03,1,옷감사,W2WTL06WH,여름,여성,린넨,티셔츠,화이트,30857,37028.4,야드,11108.5,2022-12-22,2023-01-02,2023-01-27,11,25,N,fabric-line-2,normal,smooth
PRD-00008,SHP-202301-03,2,케어라벨사,W2WTL06WH,여름,여성,린넨,티셔츠,화이트,30857,30857,장,30.857,2023-01-01,2023-01-08,2023-01-27,7,19,N,label-line-3,normal,smooth
PRD-00009,SHP-202301-03,3,지퍼단추사,W2WTL06WH,여름,여성,린넨,티셔츠,화이트,30857,30857,개,154.285,2022-12-20,2022-12-27,2023-01-27,7,31,N,zipper-line-4,normal,smooth
PRD-00010,SHP-202302-01,1,옷감사,W2WPM10GY,여름,여성,혼방,바지,그레이,36769,58830.4,야드,17649.1,2023-01-06,2023-01-17,2023-02-07,11,21,N,fabric-line-5,normal,smooth
PRD-00011,SHP-202302-01,2,케어라벨사,W2WPM10GY,여름,여성,혼방,바지,그레이,36769,36769,장,36.769,2023-01-12,2023-01-18,2023-02-07,6,20,N,label-line-6,normal,smooth
PRD-00012,SHP-202302-01,3,지퍼단추사,W2WPM10GY,여름,여성,혼방,바지,그레이,36769,36769,개,183.845,2023-01-04,2023-01-13,2023-02-07,9,25,N,zipper-line-1,normal,smooth
PRD-00013,SHP-202302-02,1,옷감사,W3MJW01NV,가을,남성,울,재킷,네이비,30813,64707.3,야드,19412.2,2023-01-07,2023-01-19,2023-02-15,12,27,N,fabric-line-2,normal,smooth
PRD-00014,SHP-202302-02,2,케어라벨사,W3MJW01NV,가을,남성,울,재킷,네이비,30813,30813,장,30.813,2023-01-12,2023-01-19,2023-02-15,7,27,N,label-line-3,normal,smooth
PRD-00015,SHP-202302-02,3,지퍼단추사,W3MJW01NV,가을,남성,울,재킷,네이비,30813,61626,개,308.13,2023-01-11,2023-01-20,2023-02-15,9,26,N,zipper-line-4,normal,smooth
PRD-00016,SHP-202302-03,1,옷감사,W4WDP11BK,겨울,여성,폴리에스터,다운,블랙,34301,82322.4,야드,24696.7,2023-01-24,2023-02-05,2023-02-23,12,18,N,fabric-line-5,normal,smooth
PRD-00017,SHP-202302-03,2,케어라벨사,W4WDP11BK,겨울,여성,폴리에스터,다운,블랙,34301,34301,장,34.301,2023-01-21,2023-01-26,2023-02-23,5,28,N,label-line-6,normal,smooth
PRD-00018,SHP-202302-03,3,지퍼단추사,W4WDP11BK,겨울,여성,폴리에스터,다운,블랙,34301,34301,개,171.505,2023-01-25,2023-02-01,2023-02-23,7,22,N,zipper-line-1,normal,smooth
PRD-00019,SHP-202302-04,1,옷감사,W2MTC08RD,여름,남성,면,티셔츠,레드,33523,40227.6,야드,12068.3,2023-01-23,2023-02-06,2023-02-28,14,22,N,fabric-line-2,normal,smooth
PRD-00020,SHP-202302-04,2,케어라벨사,W2MTC08RD,여름,남성,면,티셔츠,레드,33523,33523,장,33.523,2023-01-29,2023-02-02,2023-02-28,4,26,N,label-line-3,normal,smooth
PRD-00021,SHP-202302-04,3,지퍼단추사,W2MTC08RD,여름,남성,면,티셔츠,레드,33523,33523,개,167.615,2023-01-25,2023-02-02,2023-02-28,8,26,N,zipper-line-4,normal,smooth
PRD-00022,SHP-202303-01,1,옷감사,W1MTP05BE,봄,남성,폴리에스터,티셔츠,베이지,33296,39955.2,야드,11986.6,2023-01-26,2023-02-07,2023-03-08,12,29,N,fabric-line-5,normal,smooth
PRD-00023,SHP-202303-01,2,케어라벨사,W1MTP05BE,봄,남성,폴리에스터,티셔츠,베이지,33296,33296,장,33.296,2023-02-05,2023-02-10,2023-03-08,5,26,N,label-line-6,normal,smooth
PRD-00024,SHP-202303-01,3,지퍼단추사,W1MTP05BE,봄,남성,폴리에스터,티셔츠,베이지,33296,33296,개,166.48,2023-01-31,2023-02-09,2023-03-08,9,27,N,zipper-line-1,normal,smooth
PRD-00025,SHP-202303-02,1,옷감사,W2WTL06WH,여름,여성,린넨,티셔츠,화이트,30976,37171.2,야드,11151.4,2023-02-16,2023-02-27,2023-03-18,11,19,N,fabric-line-2,normal,smooth
PRD-00026,SHP-202303-02,2,케어라벨사,W2WTL06WH,여름,여성,린넨,티셔츠,화이트,30976,30976,장,30.976,2023-02-09,2023-02-16,2023-03-18,7,30,N,label-line-3,normal,smooth
PRD-00027,SHP-202303-02,3,지퍼단추사,W2WTL06WH,여름,여성,린넨,티셔츠,화이트,30976,30976,개,154.88,2023-02-10,2023-02-18,2023-03-18,8,28,N,zipper-line-4,normal,smooth
PRD-00028,SHP-202303-03,1,옷감사,W2MPL09NV,여름,남성,린넨,바지,네이비,34356,54969.6,야드,16490.9,2023-02-25,2023-03-08,2023-03-27,11,19,N,fabric-line-5,normal,smooth
PRD-00029,SHP-202303-03,2,케어라벨사,W2MPL09NV,여름,남성,린넨,바지,네이비,34356,34356,장,34.356,2023-02-20,2023-02-26,2023-03-27,6,29,N,label-line-6,normal,smooth
PRD-00030,SHP-202303-03,3,지퍼단추사,W2MPL09NV,여름,남성,린넨,바지,네이비,34356,34356,개,171.78,2023-02-18,2023-02-25,2023-03-27,7,30,N,zipper-line-1,normal,smooth
PRD-00031,SHP-202304-01,1,옷감사,W3MJW01NV,가을,남성,울,재킷,네이비,33338,70009.8,야드,21002.9,2023-03-01,2023-03-12,2023-04-08,11,27,N,fabric-line-2,normal,smooth
PRD-00032,SHP-202304-01,2,케어라벨사,W3MJW01NV,가을,남성,울,재킷,네이비,33338,33338,장,33.338,2023-03-13,2023-03-17,2023-04-08,4,22,N,label-line-3,normal,smooth
PRD-00033,SHP-202304-01,3,지퍼단추사,W3MJW01NV,가을,남성,울,재킷,네이비,33338,66676,개,333.38,2023-03-12,2023-03-19,2023-04-08,7,20,N,zipper-line-4,normal,smooth
PRD-00034,SHP-202304-02,1,옷감사,W4WDP11BK,겨울,여성,폴리에스터,다운,블랙,40067,96160.8,야드,28848.2,2023-03-19,2023-03-31,2023-04-18,12,18,N,fabric-line-5,normal,smooth
PRD-00035,SHP-202304-02,2,케어라벨사,W4WDP11BK,겨울,여성,폴리에스터,다운,블랙,40067,40067,장,40.067,2023-03-13,2023-03-20,2023-04-18,7,29,N,label-line-6,normal,smooth
PRD-00036,SHP-202304-02,3,지퍼단추사,W4WDP11BK,겨울,여성,폴리에스터,다운,블랙,40067,40067,개,200.335,2023-03-18,2023-03-24,2023-04-18,6,25,N,zipper-line-1,normal,smooth
PRD-00037,SHP-202304-03,1,옷감사,W2MTC08RD,여름,남성,면,티셔츠,레드,36432,43718.4,야드,13115.5,2023-03-25,2023-04-07,2023-04-27,13,20,N,fabric-line-2,normal,smooth
PRD-00038,SHP-202304-03,2,케어라벨사,W2MTC08RD,여름,남성,면,티셔츠,레드,36432,36432,장,36.432,2023-03-28,2023-04-03,2023-04-27,6,24,N,label-line-3,normal,smooth
PRD-00039,SHP-202304-03,3,지퍼단추사,W2MTC08RD,여름,남성,면,티셔츠,레드,36432,36432,개,182.16,2023-03-23,2023-03-30,2023-04-27,7,28,N,zipper-line-4,normal,smooth
PRD-00040,SHP-202305-01,1,옷감사,W1MTP05BE,봄,남성,폴리에스터,티셔츠,베이지,46048,55257.6,야드,16577.3,2023-03-31,2023-04-11,2023-05-07,11,26,N,fabric-line-5,normal,smooth
PRD-00041,SHP-202305-01,2,케어라벨사,W1MTP05BE,봄,남성,폴리에스터,티셔츠,베이지,46048,46048,장,46.048,2023-04-03,2023-04-08,2023-05-07,5,29,N,label-line-6,normal,smooth
PRD-00042,SHP-202305-01,3,지퍼단추사,W1MTP05BE,봄,남성,폴리에스터,티셔츠,베이지,46048,46048,개,230.24,2023-04-11,2023-04-19,2023-05-07,8,18,N,zipper-line-1,normal,smooth
PRD-00043,SHP-202305-02,1,옷감사,W2WTL06WH,여름,여성,린넨,티셔츠,화이트,43815,52578.0,야드,15773.4,2023-04-09,2023-04-22,2023-05-15,13,23,N,fabric-line-2,normal,smooth
PRD-00044,SHP-202305-02,2,케어라벨사,W2WTL06WH,여름,여성,린넨,티셔츠,화이트,43815,43815,장,43.815,2023-04-17,2023-04-21,2023-05-15,4,24,N,label-line-3,normal,smooth
PRD-00045,SHP-202305-02,3,지퍼단추사,W2WTL06WH,여름,여성,린넨,티셔츠,화이트,43815,43815,개,219.075,2023-04-09,2023-04-16,2023-05-15,7,29,N,zipper-line-4,normal,smooth
PRD-00046,SHP-202305-03,1,옷감사,W2MPL09NV,여름,남성,린넨,바지,네이비,36852,58963.2,야드,17689.0,2023-04-16,2023-04-27,2023-05-23,11,26,N,fabric-line-5,normal,smooth
PRD-00047,SHP-202305-03,2,케어라벨사,W2MPL09NV,여름,남성,린넨,바지,네이비,36852,36852,장,36.852,2023-04-29,2023-05-04,2023-05-23,5,19,N,label-line-6,normal,smooth
PRD-00048,SHP-202305-03,3,지퍼단추사,W2MPL09NV,여름,남성,린넨,바지,네이비,36852,36852,개,184.26,2023-04-19,2023-04-27,2023-05-23,8,26,N,zipper-line-1,normal,smooth
PRD-00049,SHP-202305-04,1,옷감사,W2WPM10GY,여름,여성,혼방,바지,그레이,47843,76548.8,야드,22964.6,2023-04-18,2023-04-29,2023-05-28,11,29,N,fabric-line-2,normal,smooth
PRD-00050,SHP-202305-04,2,케어라벨사,W2WPM10GY,여름,여성,혼방,바지,그레이,47843,47843,장,47.843,2023-04-23,2023-04-30,2023-05-28,7,28,N,label-line-3,normal,smooth
PRD-00051,SHP-202305-04,3,지퍼단추사,W2WPM10GY,여름,여성,혼방,바지,그레이,47843,47843,개,239.215,2023-04-30,2023-05-08,2023-05-28,8,20,N,zipper-line-4,normal,smooth
PRD-00052,SHP-202306-01,1,옷감사,W4WDP11BK,겨울,여성,폴리에스터,다운,블랙,38200,91680.0,야드,27504.0,2023-05-03,2023-05-15,2023-06-08,12,24,N,fabric-line-5,normal,smooth
PRD-00053,SHP-202306-01,2,케어라벨사,W4WDP11BK,겨울,여성,폴리에스터,다운,블랙,38200,38200,장,38.2,2023-05-10,2023-05-17,2023-06-08,7,22,N,label-line-6,normal,smooth
PRD-00054,SHP-202306-01,3,지퍼단추사,W4WDP11BK,겨울,여성,폴리에스터,다운,블랙,38200,38200,개,191.0,2023-05-02,2023-05-09,2023-06-08,7,30,N,zipper-line-1,normal,smooth
PRD-00055,SHP-202306-02,1,옷감사,W2MTC08RD,여름,남성,면,티셔츠,레드,45776,54931.2,야드,16479.4,2023-05-14,2023-05-27,2023-06-18,13,22,N,fabric-line-2,normal,smooth
PRD-00056,SHP-202306-02,2,케어라벨사,W2MTC08RD,여름,남성,면,티셔츠,레드,45776,45776,장,45.776,2023-05-11,2023-05-18,2023-06-18,7,31,N,label-line-3,normal,smooth
PRD-00057,SHP-202306-02,3,지퍼단추사,W2MTC08RD,여름,남성,면,티셔츠,레드,45776,45776,개,228.88,2023-05-13,2023-05-22,2023-06-18,9,27,N,zipper-line-4,normal,smooth
PRD-00058,SHP-202306-03,1,옷감사,W2WPL07BE,여름,여성,린넨,바지,베이지,44309,70894.4,야드,21268.3,2023-05-16,2023-05-27,2023-06-27,11,31,N,fabric-line-5,normal,smooth
PRD-00059,SHP-202306-03,2,케어라벨사,W2WPL07BE,여름,여성,린넨,바지,베이지,44309,44309,장,44.309,2023-05-29,2023-06-04,2023-06-27,6,23,N,label-line-6,normal,smooth
PRD-00060,SHP-202306-03,3,지퍼단추사,W2WPL07BE,여름,여성,린넨,바지,베이지,44309,44309,개,221.545,2023-05-30,2023-06-08,2023-06-27,9,19,N,zipper-line-1,normal,smooth
PRD-00061,SHP-202307-01,1,옷감사,W2WTL06WH,여름,여성,린넨,티셔츠,화이트,44065,52878.0,야드,15863.4,2023-05-31,2023-06-14,2023-07-08,14,24,N,fabric-line-2,normal,smooth
PRD-00062,SHP-202307-01,2,케어라벨사,W2WTL06WH,여름,여성,린넨,티셔츠,화이트,44065,44065,장,44.065,2023-06-05,2023-06-12,2023-07-08,7,26,N,label-line-3,normal,smooth
PRD-00063,SHP-202307-01,3,지퍼단추사,W2WTL06WH,여름,여성,린넨,티셔츠,화이트,44065,44065,개,220.325,2023-06-06,2023-06-14,2023-07-08,8,24,N,zipper-line-4,normal,smooth
PRD-00064,SHP-202307-02,1,옷감사,W2MPL09NV,여름,남성,린넨,바지,네이비,40372,64595.2,야드,19378.6,2023-06-12,2023-06-23,2023-07-18,11,25,N,fabric-line-5,normal,smooth
PRD-00065,SHP-202307-02,2,케어라벨사,W2MPL09NV,여름,남성,린넨,바지,네이비,40372,40372,장,40.372,2023-06-17,2023-06-22,2023-07-18,5,26,N,label-line-6,normal,smooth
PRD-00066,SHP-202307-02,3,지퍼단추사,W2MPL09NV,여름,남성,린넨,바지,네이비,40372,40372,개,201.86,2023-06-18,2023-06-26,2023-07-18,8,22,N,zipper-line-1,normal,smooth
PRD-00067,SHP-202307-03,1,옷감사,W2WPM10GY,여름,여성,혼방,바지,그레이,40322,64515.2,야드,19354.6,2023-06-17,2023-07-01,2023-07-27,14,26,N,fabric-line-2,normal,smooth
PRD-00068,SHP-202307-03,2,케어라벨사,W2WPM10GY,여름,여성,혼방,바지,그레이,40322,40322,장,40.322,2023-06-27,2023-07-03,2023-07-27,6,24,N,label-line-3,normal,smooth
PRD-00069,SHP-202307-03,3,지퍼단추사,W2WPM10GY,여름,여성,혼방,바지,그레이,40322,40322,개,201.61,2023-06-25,2023-07-01,2023-07-27,6,26,N,zipper-line-4,normal,smooth
PRD-00070,SHP-202308-01,1,옷감사,W4WDP11BK,겨울,여성,폴리에스터,다운,블랙,40618,97483.2,야드,29245.0,2023-06-28,2023-07-10,2023-08-07,12,28,N,fabric-line-5,normal,smooth
PRD-00071,SHP-202308-01,2,케어라벨사,W4WDP11BK,겨울,여성,폴리에스터,다운,블랙,40618,40618,장,40.618,2023-07-03,2023-07-07,2023-08-07,4,31,N,label-line-6,normal,smooth
PRD-00072,SHP-202308-01,3,지퍼단추사,W4WDP11BK,겨울,여성,폴리에스터,다운,블랙,40618,40618,개,203.09,2023-07-01,2023-07-10,2023-08-07,9,28,N,zipper-line-1,normal,smooth
PRD-00073,SHP-202308-02,1,옷감사,W2MTC08RD,여름,남성,면,티셔츠,레드,36274,43528.8,야드,13058.6,2023-07-04,2023-07-15,2023-08-15,11,31,N,fabric-line-2,normal,smooth
PRD-00074,SHP-202308-02,2,케어라벨사,W2MTC08RD,여름,남성,면,티셔츠,레드,36274,36274,장,36.274,2023-07-14,2023-07-21,2023-08-15,7,25,N,label-line-3,normal,smooth
PRD-00075,SHP-202308-02,3,지퍼단추사,W2MTC08RD,여름,남성,면,티셔츠,레드,36274,36274,개,181.37,2023-07-07,2023-07-16,2023-08-15,9,30,N,zipper-line-4,normal,smooth
PRD-00076,SHP-202308-03,1,옷감사,W2WPL07BE,여름,여성,린넨,바지,베이지,40444,64710.4,야드,19413.1,2023-07-21,2023-08-03,2023-08-23,13,20,N,fabric-line-5,normal,smooth
PRD-00077,SHP-202308-03,2,케어라벨사,W2WPL07BE,여름,여성,린넨,바지,베이지,40444,40444,장,40.444,2023-07-30,2023-08-04,2023-08-23,5,19,N,label-line-6,normal,smooth
PRD-00078,SHP-202308-03,3,지퍼단추사,W2WPL07BE,여름,여성,린넨,바지,베이지,40444,40444,개,202.22,2023-07-20,2023-07-26,2023-08-23,6,28,N,zipper-line-1,normal,smooth
PRD-00079,SHP-202308-04,1,옷감사,W1MTP05BE,봄,남성,폴리에스터,티셔츠,베이지,33339,40006.8,야드,12002.0,2023-07-21,2023-08-03,2023-08-28,13,25,N,fabric-line-2,normal,smooth
PRD-00080,SHP-202308-04,2,케어라벨사,W1MTP05BE,봄,남성,폴리에스터,티셔츠,베이지,33339,33339,장,33.339,2023-07-26,2023-08-01,2023-08-28,6,27,N,label-line-3,normal,smooth
PRD-00081,SHP-202308-04,3,지퍼단추사,W1MTP05BE,봄,남성,폴리에스터,티셔츠,베이지,33339,33339,개,166.695,2023-07-21,2023-07-30,2023-08-28,9,29,N,zipper-line-4,normal,smooth
PRD-00082,SHP-202309-01,1,옷감사,W2MPL09NV,여름,남성,린넨,바지,네이비,33727,53963.2,야드,16189.0,2023-08-01,2023-08-15,2023-09-08,14,24,N,fabric-line-5,normal,smooth
PRD-00083,SHP-202309-01,2,케어라벨사,W2MPL09NV,여름,남성,린넨,바지,네이비,33727,33727,장,33.727,2023-08-13,2023-08-17,2023-09-08,4,22,N,label-line-6,normal,smooth
PRD-00084,SHP-202309-01,3,지퍼단추사,W2MPL09NV,여름,남성,린넨,바지,네이비,33727,33727,개,168.635,2023-08-07,2023-08-16,2023-09-08,9,23,N,zipper-line-1,normal,smooth
PRD-00085,SHP-202309-02,1,옷감사,W2WPM10GY,여름,여성,혼방,바지,그레이,34189,54702.4,야드,16410.7,2023-08-12,2023-08-26,2023-09-18,14,23,N,fabric-line-2,normal,smooth
PRD-00086,SHP-202309-02,2,케어라벨사,W2WPM10GY,여름,여성,혼방,바지,그레이,34189,34189,장,34.189,2023-08-22,2023-08-28,2023-09-18,6,21,N,label-line-3,normal,smooth
PRD-00087,SHP-202309-02,3,지퍼단추사,W2WPM10GY,여름,여성,혼방,바지,그레이,34189,34189,개,170.945,2023-08-16,2023-08-22,2023-09-18,6,27,N,zipper-line-4,normal,smooth
PRD-00088,SHP-202309-03,1,옷감사,W3MJW01NV,가을,남성,울,재킷,네이비,40877,85841.7,야드,25752.5,2023-08-20,2023-09-01,2023-09-27,12,26,N,fabric-line-5,normal,smooth
PRD-00089,SHP-202309-03,2,케어라벨사,W3MJW01NV,가을,남성,울,재킷,네이비,40877,40877,장,40.877,2023-08-29,2023-09-05,2023-09-27,7,22,N,label-line-6,normal,smooth
PRD-00090,SHP-202309-03,3,지퍼단추사,W3MJW01NV,가을,남성,울,재킷,네이비,40877,81754,개,408.77,2023-08-27,2023-09-04,2023-09-27,8,23,N,zipper-line-1,normal,smooth
PRD-00091,SHP-202310-01,1,옷감사,W2MTC08RD,여름,남성,면,티셔츠,레드,38225,45870.0,야드,13761.0,2023-08-24,2023-09-07,2023-10-08,14,31,N,fabric-line-2,normal,smooth
PRD-00092,SHP-202310-01,2,케어라벨사,W2MTC08RD,여름,남성,면,티셔츠,레드,38225,38225,장,38.225,2023-09-11,2023-09-18,2023-10-08,7,20,N,label-line-3,normal,smooth
PRD-00093,SHP-202310-01,3,지퍼단추사,W2MTC08RD,여름,남성,면,티셔츠,레드,38225,38225,개,191.125,2023-09-09,2023-09-16,2023-10-08,7,22,N,zipper-line-4,normal,smooth
PRD-00094,SHP-202310-02,1,옷감사,W2WPL07BE,여름,여성,린넨,바지,베이지,40571,64913.6,야드,19474.1,2023-09-13,2023-09-24,2023-10-18,11,24,N,fabric-line-5,normal,smooth
PRD-00095,SHP-202310-02,2,케어라벨사,W2WPL07BE,여름,여성,린넨,바지,베이지,40571,40571,장,40.571,2023-09-11,2023-09-18,2023-10-18,7,30,N,label-line-6,normal,smooth
PRD-00096,SHP-202310-02,3,지퍼단추사,W2WPL07BE,여름,여성,린넨,바지,베이지,40571,40571,개,202.855,2023-09-18,2023-09-26,2023-10-18,8,22,N,zipper-line-1,normal,smooth
PRD-00097,SHP-202310-03,1,옷감사,W1MTP05BE,봄,남성,폴리에스터,티셔츠,베이지,37921,45505.2,야드,13651.6,2023-09-23,2023-10-06,2023-10-27,13,21,N,fabric-line-2,normal,smooth
PRD-00098,SHP-202310-03,2,케어라벨사,W1MTP05BE,봄,남성,폴리에스터,티셔츠,베이지,37921,37921,장,37.921,2023-09-19,2023-09-26,2023-10-27,7,31,N,label-line-3,normal,smooth
PRD-00099,SHP-202310-03,3,지퍼단추사,W1MTP05BE,봄,남성,폴리에스터,티셔츠,베이지,37921,37921,개,189.605,2023-09-24,2023-10-01,2023-10-27,7,26,N,zipper-line-4,normal,smooth
PRD-00100,SHP-202311-01,1,옷감사,W2MPL09NV,여름,남성,린넨,바지,네이비,42633,68212.8,야드,20463.8,2023-10-04,2023-10-15,2023-11-07,11,23,N,fabric-line-5,normal,smooth
PRD-00101,SHP-202311-01,2,케어라벨사,W2MPL09NV,여름,남성,린넨,바지,네이비,42633,42633,장,42.633,2023-10-05,2023-10-09,2023-11-07,4,29,N,label-line-6,normal,smooth
PRD-00102,SHP-202311-01,3,지퍼단추사,W2MPL09NV,여름,남성,린넨,바지,네이비,42633,42633,개,213.165,2023-10-03,2023-10-12,2023-11-07,9,26,N,zipper-line-1,normal,smooth
PRD-00103,SHP-202311-02,1,옷감사,W2WPM10GY,여름,여성,혼방,바지,그레이,36005,57608.0,야드,17282.4,2023-10-07,2023-10-20,2023-11-15,13,26,N,fabric-line-2,normal,smooth
PRD-00104,SHP-202311-02,2,케어라벨사,W2WPM10GY,여름,여성,혼방,바지,그레이,36005,36005,장,36.005,2023-10-19,2023-10-23,2023-11-15,4,23,N,label-line-3,normal,smooth
PRD-00105,SHP-202311-02,3,지퍼단추사,W2WPM10GY,여름,여성,혼방,바지,그레이,36005,36005,개,180.025,2023-10-18,2023-10-26,2023-11-15,8,20,N,zipper-line-4,normal,smooth
PRD-00106,SHP-202311-03,1,옷감사,W3MJW01NV,가을,남성,울,재킷,네이비,40328,84688.8,야드,25406.6,2023-10-13,2023-10-27,2023-11-23,14,27,N,fabric-line-5,normal,smooth
PRD-00107,SHP-202311-03,2,케어라벨사,W3MJW01NV,가을,남성,울,재킷,네이비,40328,40328,장,40.328,2023-10-23,2023-10-29,2023-11-23,6,25,N,label-line-6,normal,smooth
PRD-00108,SHP-202311-03,3,지퍼단추사,W3MJW01NV,가을,남성,울,재킷,네이비,40328,80656,개,403.28,2023-10-20,2023-10-28,2023-11-23,8,26,N,zipper-line-1,normal,smooth
PRD-00109,SHP-202311-04,1,옷감사,W4WDP11BK,겨울,여성,폴리에스터,다운,블랙,43514,104433.6,야드,31330.1,2023-10-21,2023-11-03,2023-11-28,13,25,N,fabric-line-2,normal,smooth
PRD-00110,SHP-202311-04,2,케어라벨사,W4WDP11BK,겨울,여성,폴리에스터,다운,블랙,43514,43514,장,43.514,2023-11-03,2023-11-07,2023-11-28,4,21,N,label-line-3,normal,smooth
PRD-00111,SHP-202311-04,3,지퍼단추사,W4WDP11BK,겨울,여성,폴리에스터,다운,블랙,43514,43514,개,217.57,2023-10-23,2023-10-29,2023-11-28,6,30,N,zipper-line-4,normal,smooth
PRD-00112,SHP-202312-01,1,옷감사,W2WPL07BE,여름,여성,린넨,바지,베이지,36519,58430.4,야드,17529.1,2023-10-26,2023-11-08,2023-12-08,13,30,N,fabric-line-5,normal,smooth
PRD-00113,SHP-202312-01,2,케어라벨사,W2WPL07BE,여름,여성,린넨,바지,베이지,36519,36519,장,36.519,2023-11-04,2023-11-11,2023-12-08,7,27,N,label-line-6,normal,smooth
PRD-00114,SHP-202312-01,3,지퍼단추사,W2WPL07BE,여름,여성,린넨,바지,베이지,36519,36519,개,182.595,2023-10-30,2023-11-08,2023-12-08,9,30,N,zipper-line-1,normal,smooth
PRD-00115,SHP-202312-02,1,옷감사,W1MTP05BE,봄,남성,폴리에스터,티셔츠,베이지,40567,48680.4,야드,14604.1,2023-11-06,2023-11-17,2023-12-18,11,31,N,fabric-line-2,normal,smooth
PRD-00116,SHP-202312-02,2,케어라벨사,W1MTP05BE,봄,남성,폴리에스터,티셔츠,베이지,40567,40567,장,40.567,2023-11-26,2023-11-30,2023-12-18,4,18,N,label-line-3,normal,smooth
PRD-00117,SHP-202312-02,3,지퍼단추사,W1MTP05BE,봄,남성,폴리에스터,티셔츠,베이지,40567,40567,개,202.835,2023-11-16,2023-11-23,2023-12-18,7,25,N,zipper-line-4,normal,smooth
PRD-00118,SHP-202312-03,1,옷감사,W2WTL06WH,여름,여성,린넨,티셔츠,화이트,38471,46165.2,야드,13849.6,2023-11-21,2023-12-02,2023-12-27,11,25,N,fabric-line-5,normal,smooth
PRD-00119,SHP-202312-03,2,케어라벨사,W2WTL06WH,여름,여성,린넨,티셔츠,화이트,38471,38471,장,38.471,2023-11-28,2023-12-04,2023-12-27,6,23,N,label-line-6,normal,smooth
PRD-00120,SHP-202312-03,3,지퍼단추사,W2WTL06WH,여름,여성,린넨,티셔츠,화이트,38471,38471,개,192.355,2023-11-24,2023-12-01,2023-12-27,7,26,N,zipper-line-1,normal,smooth
PRD-00121,SHP-202401-01,1,옷감사,W1MTP05BE,봄,남성,폴리에스터,티셔츠,베이지,30721,36865.2,야드,11059.6,2023-11-30,2023-12-14,2024-01-08,14,25,N,fabric-line-2,normal,smooth
PRD-00122,SHP-202401-01,2,케어라벨사,W1MTP05BE,봄,남성,폴리에스터,티셔츠,베이지,30721,30721,장,30.721,2023-12-02,2023-12-09,2024-01-08,7,30,N,label-line-3,normal,smooth
PRD-00123,SHP-202401-01,3,지퍼단추사,W1MTP05BE,봄,남성,폴리에스터,티셔츠,베이지,30721,30721,개,153.605,2023-12-03,2023-12-10,2024-01-08,7,29,N,zipper-line-4,normal,smooth
PRD-00124,SHP-202401-02,1,옷감사,W2WTL06WH,여름,여성,린넨,티셔츠,화이트,36547,43856.4,야드,13156.9,2023-12-14,2023-12-27,2024-01-18,13,22,N,fabric-line-5,normal,smooth
PRD-00125,SHP-202401-02,2,케어라벨사,W2WTL06WH,여름,여성,린넨,티셔츠,화이트,36547,36547,장,36.547,2023-12-18,2023-12-25,2024-01-18,7,24,N,label-line-6,normal,smooth
PRD-00126,SHP-202401-02,3,지퍼단추사,W2WTL06WH,여름,여성,린넨,티셔츠,화이트,36547,36547,개,182.735,2023-12-23,2023-12-29,2024-01-18,6,20,N,zipper-line-1,normal,smooth
PRD-00127,SHP-202401-03,1,옷감사,W2MPL09NV,여름,남성,린넨,바지,네이비,29048,46476.8,야드,13943.0,2023-12-14,2023-12-27,2024-01-27,13,31,N,fabric-line-2,normal,smooth
PRD-00128,SHP-202401-03,2,케어라벨사,W2MPL09NV,여름,남성,린넨,바지,네이비,29048,29048,장,29.048,2023-12-31,2024-01-06,2024-01-27,6,21,N,label-line-3,normal,smooth
PRD-00129,SHP-202401-03,3,지퍼단추사,W2MPL09NV,여름,남성,린넨,바지,네이비,29048,29048,개,145.24,2023-12-26,2024-01-01,2024-01-27,6,26,N,zipper-line-4,normal,smooth
PRD-00130,SHP-202402-01,1,옷감사,W3MJW01NV,가을,남성,울,재킷,네이비,33478,70303.8,야드,21091.1,2024-01-03,2024-01-14,2024-02-07,11,24,N,fabric-line-5,normal,smooth
PRD-00131,SHP-202402-01,2,케어라벨사,W3MJW01NV,가을,남성,울,재킷,네이비,33478,33478,장,33.478,2024-01-08,2024-01-14,2024-02-07,6,24,N,label-line-6,normal,smooth
PRD-00132,SHP-202402-01,3,지퍼단추사,W3MJW01NV,가을,남성,울,재킷,네이비,33478,66956,개,334.78,2023-12-29,2024-01-07,2024-02-07,9,31,N,zipper-line-1,normal,smooth
PRD-00133,SHP-202402-02,1,옷감사,W4WDP11BK,겨울,여성,폴리에스터,다운,블랙,32558,78139.2,야드,23441.8,2024-01-10,2024-01-21,2024-02-15,11,25,N,fabric-line-2,normal,smooth
PRD-00134,SHP-202402-02,2,케어라벨사,W4WDP11BK,겨울,여성,폴리에스터,다운,블랙,32558,32558,장,32.558,2024-01-14,2024-01-19,2024-02-15,5,27,N,label-line-3,normal,smooth
PRD-00135,SHP-202402-02,3,지퍼단추사,W4WDP11BK,겨울,여성,폴리에스터,다운,블랙,32558,32558,개,162.79,2024-01-12,2024-01-18,2024-02-15,6,28,N,zipper-line-4,normal,smooth
PRD-00136,SHP-202402-03,1,옷감사,W2MTC08RD,여름,남성,면,티셔츠,레드,28783,34539.6,야드,10361.9,2024-01-10,2024-01-23,2024-02-23,13,31,N,fabric-line-5,normal,smooth
PRD-00137,SHP-202402-03,2,케어라벨사,W2MTC08RD,여름,남성,면,티셔츠,레드,28783,28783,장,28.783,2024-01-28,2024-02-01,2024-02-23,4,22,N,label-line-6,normal,smooth
PRD-00138,SHP-202402-03,3,지퍼단추사,W2MTC08RD,여름,남성,면,티셔츠,레드,28783,28783,개,143.915,2024-01-25,2024-02-02,2024-02-23,8,21,N,zipper-line-1,normal,smooth
PRD-00139,SHP-202402-04,1,옷감사,W2WPL07BE,여름,여성,린넨,바지,베이지,32185,51496.0,야드,15448.8,2024-01-24,2024-02-06,2024-02-28,13,22,N,fabric-line-2,normal,smooth
PRD-00140,SHP-202402-04,2,케어라벨사,W2WPL07BE,여름,여성,린넨,바지,베이지,32185,32185,장,32.185,2024-01-24,2024-01-30,2024-02-28,6,29,N,label-line-3,normal,smooth
PRD-00141,SHP-202402-04,3,지퍼단추사,W2WPL07BE,여름,여성,린넨,바지,베이지,32185,32185,개,160.925,2024-01-26,2024-02-03,2024-02-28,8,25,N,zipper-line-4,normal,smooth
PRD-00142,SHP-202403-01,1,옷감사,W2WTL06WH,여름,여성,린넨,티셔츠,화이트,40820,48984.0,야드,14695.2,2024-01-29,2024-02-10,2024-03-08,12,27,N,fabric-line-5,normal,smooth
PRD-00143,SHP-202403-01,2,케어라벨사,W2WTL06WH,여름,여성,린넨,티셔츠,화이트,40820,40820,장,40.82,2024-02-12,2024-02-18,2024-03-08,6,19,N,label-line-6,normal,smooth
PRD-00144,SHP-202403-01,3,지퍼단추사,W2WTL06WH,여름,여성,린넨,티셔츠,화이트,40820,40820,개,204.1,2024-01-31,2024-02-07,2024-03-08,7,30,N,zipper-line-1,normal,smooth
PRD-00145,SHP-202403-02,1,옷감사,W2MPL09NV,여름,남성,린넨,바지,네이비,35319,56510.4,야드,16953.1,2024-02-09,2024-02-20,2024-03-18,11,27,N,fabric-line-2,normal,smooth
PRD-00146,SHP-202403-02,2,케어라벨사,W2MPL09NV,여름,남성,린넨,바지,네이비,35319,35319,장,35.319,2024-02-23,2024-02-28,2024-03-18,5,19,N,label-line-3,normal,smooth
PRD-00147,SHP-202403-02,3,지퍼단추사,W2MPL09NV,여름,남성,린넨,바지,네이비,35319,35319,개,176.595,2024-02-07,2024-02-16,2024-03-18,9,31,N,zipper-line-4,normal,smooth
PRD-00148,SHP-202403-03,1,옷감사,W2WPM10GY,여름,여성,혼방,바지,그레이,39392,63027.2,야드,18908.2,2024-02-16,2024-02-29,2024-03-27,13,27,N,fabric-line-5,normal,smooth
PRD-00149,SHP-202403-03,2,케어라벨사,W2WPM10GY,여름,여성,혼방,바지,그레이,39392,39392,장,39.392,2024-02-28,2024-03-04,2024-03-27,5,23,N,label-line-6,normal,smooth
PRD-00150,SHP-202403-03,3,지퍼단추사,W2WPM10GY,여름,여성,혼방,바지,그레이,39392,39392,개,196.96,2024-02-17,2024-02-26,2024-03-27,9,30,N,zipper-line-1,normal,smooth
PRD-00151,SHP-202404-01,1,옷감사,W4WDP11BK,겨울,여성,폴리에스터,다운,블랙,40231,96554.4,야드,28966.3,2024-03-05,2024-03-17,2024-04-08,12,22,N,fabric-line-2,normal,smooth
PRD-00152,SHP-202404-01,2,케어라벨사,W4WDP11BK,겨울,여성,폴리에스터,다운,블랙,40231,40231,장,40.231,2024-03-08,2024-03-13,2024-04-08,5,26,N,label-line-3,normal,smooth
PRD-00153,SHP-202404-01,3,지퍼단추사,W4WDP11BK,겨울,여성,폴리에스터,다운,블랙,40231,40231,개,201.155,2024-02-29,2024-03-08,2024-04-08,8,31,N,zipper-line-4,normal,smooth
PRD-00154,SHP-202404-02,1,옷감사,W2MTC08RD,여름,남성,면,티셔츠,레드,33985,40782.0,야드,12234.6,2024-03-09,2024-03-22,2024-04-18,13,27,N,fabric-line-5,normal,smooth
PRD-00155,SHP-202404-02,2,케어라벨사,W2MTC08RD,여름,남성,면,티셔츠,레드,33985,33985,장,33.985,2024-03-13,2024-03-20,2024-04-18,7,29,N,label-line-6,normal,smooth
PRD-00156,SHP-202404-02,3,지퍼단추사,W2MTC08RD,여름,남성,면,티셔츠,레드,33985,33985,개,169.925,2024-03-25,2024-03-31,2024-04-18,6,18,N,zipper-line-1,normal,smooth
PRD-00157,SHP-202404-03,1,옷감사,W2WPL07BE,여름,여성,린넨,바지,베이지,34576,55321.6,야드,16596.5,2024-03-16,2024-03-28,2024-04-27,12,30,N,fabric-line-2,normal,smooth
PRD-00158,SHP-202404-03,2,케어라벨사,W2WPL07BE,여름,여성,린넨,바지,베이지,34576,34576,장,34.576,2024-03-24,2024-03-28,2024-04-27,4,30,N,label-line-3,normal,smooth
PRD-00159,SHP-202404-03,3,지퍼단추사,W2WPL07BE,여름,여성,린넨,바지,베이지,34576,34576,개,172.88,2024-04-01,2024-04-09,2024-04-27,8,18,N,zipper-line-4,normal,smooth
PRD-00160,SHP-202405-01,1,옷감사,W2WTL06WH,여름,여성,린넨,티셔츠,화이트,36319,43582.8,야드,13074.8,2024-03-28,2024-04-08,2024-05-07,11,29,N,fabric-line-5,normal,smooth
PRD-00161,SHP-202405-01,2,케어라벨사,W2WTL06WH,여름,여성,린넨,티셔츠,화이트,36319,36319,장,36.319,2024-04-04,2024-04-10,2024-05-07,6,27,N,label-line-6,normal,smooth
PRD-00162,SHP-202405-01,3,지퍼단추사,W2WTL06WH,여름,여성,린넨,티셔츠,화이트,36319,36319,개,181.595,2024-04-01,2024-04-10,2024-05-07,9,27,N,zipper-line-1,normal,smooth
PRD-00163,SHP-202405-02,1,옷감사,W2MPL09NV,여름,남성,린넨,바지,네이비,41695,66712.0,야드,20013.6,2024-04-10,2024-04-21,2024-05-15,11,24,N,fabric-line-2,normal,smooth
PRD-00164,SHP-202405-02,2,케어라벨사,W2MPL09NV,여름,남성,린넨,바지,네이비,41695,41695,장,41.695,2024-04-16,2024-04-22,2024-05-15,6,23,N,label-line-3,normal,smooth
PRD-00165,SHP-202405-02,3,지퍼단추사,W2MPL09NV,여름,남성,린넨,바지,네이비,41695,41695,개,208.475,2024-04-13,2024-04-21,2024-05-15,8,24,N,zipper-line-4,normal,smooth
PRD-00166,SHP-202405-03,1,옷감사,W2WPM10GY,여름,여성,혼방,바지,그레이,38688,61900.8,야드,18570.2,2024-04-14,2024-04-27,2024-05-23,13,26,N,fabric-line-5,normal,smooth
PRD-00167,SHP-202405-03,2,케어라벨사,W2WPM10GY,여름,여성,혼방,바지,그레이,38688,38688,장,38.688,2024-04-21,2024-04-25,2024-05-23,4,28,N,label-line-6,normal,smooth
PRD-00168,SHP-202405-03,3,지퍼단추사,W2WPM10GY,여름,여성,혼방,바지,그레이,38688,38688,개,193.44,2024-04-19,2024-04-25,2024-05-23,6,28,N,zipper-line-1,normal,smooth
PRD-00169,SHP-202405-04,1,옷감사,W3MJW01NV,가을,남성,울,재킷,네이비,37011,77723.1,야드,23316.9,2024-04-17,2024-05-01,2024-05-28,14,27,N,fabric-line-2,normal,smooth
PRD-00170,SHP-202405-04,2,케어라벨사,W3MJW01NV,가을,남성,울,재킷,네이비,37011,37011,장,37.011,2024-04-23,2024-04-28,2024-05-28,5,30,N,label-line-3,normal,smooth
PRD-00171,SHP-202405-04,3,지퍼단추사,W3MJW01NV,가을,남성,울,재킷,네이비,37011,74022,개,370.11,2024-05-02,2024-05-08,2024-05-28,6,20,N,zipper-line-4,normal,smooth
PRD-00172,SHP-202406-01,1,옷감사,W2MTC08RD,여름,남성,면,티셔츠,레드,38917,46700.4,야드,14010.1,2024-05-07,2024-05-20,2024-06-08,13,19,N,fabric-line-5,normal,smooth
PRD-00173,SHP-202406-01,2,케어라벨사,W2MTC08RD,여름,남성,면,티셔츠,레드,38917,38917,장,38.917,2024-05-07,2024-05-14,2024-06-08,7,25,N,label-line-6,normal,smooth
PRD-00174,SHP-202406-01,3,지퍼단추사,W2MTC08RD,여름,남성,면,티셔츠,레드,38917,38917,개,194.585,2024-05-11,2024-05-17,2024-06-08,6,22,N,zipper-line-1,normal,smooth
PRD-00175,SHP-202406-02,1,옷감사,W2WPL07BE,여름,여성,린넨,바지,베이지,41760,66816.0,야드,20044.8,2024-05-09,2024-05-21,2024-06-18,12,28,N,fabric-line-2,normal,smooth
PRD-00176,SHP-202406-02,2,케어라벨사,W2WPL07BE,여름,여성,린넨,바지,베이지,41760,41760,장,41.76,2024-05-22,2024-05-26,2024-06-18,4,23,N,label-line-3,normal,smooth
PRD-00177,SHP-202406-02,3,지퍼단추사,W2WPL07BE,여름,여성,린넨,바지,베이지,41760,41760,개,208.8,2024-05-18,2024-05-24,2024-06-18,6,25,N,zipper-line-4,normal,smooth
PRD-00178,SHP-202406-03,1,옷감사,W1MTP05BE,봄,남성,폴리에스터,티셔츠,베이지,47250,56700.0,야드,17010.0,2024-05-26,2024-06-07,2024-06-27,12,20,N,fabric-line-5,normal,smooth
PRD-00179,SHP-202406-03,2,케어라벨사,W1MTP05BE,봄,남성,폴리에스터,티셔츠,베이지,47250,47250,장,47.25,2024-05-23,2024-05-30,2024-06-27,7,28,N,label-line-6,normal,smooth
PRD-00180,SHP-202406-03,3,지퍼단추사,W1MTP05BE,봄,남성,폴리에스터,티셔츠,베이지,47250,47250,개,236.25,2024-05-31,2024-06-09,2024-06-27,9,18,N,zipper-line-1,normal,smooth
PRD-00181,SHP-202407-01,1,옷감사,W2MPL09NV,여름,남성,린넨,바지,네이비,44339,70942.4,야드,21282.7,2024-05-29,2024-06-09,2024-07-08,11,29,N,fabric-line-2,normal,smooth
PRD-00182,SHP-202407-01,2,케어라벨사,W2MPL09NV,여름,남성,린넨,바지,네이비,44339,44339,장,44.339,2024-06-08,2024-06-15,2024-07-08,7,23,N,label-line-3,normal,smooth
PRD-00183,SHP-202407-01,3,지퍼단추사,W2MPL09NV,여름,남성,린넨,바지,네이비,44339,44339,개,221.695,2024-06-05,2024-06-12,2024-07-08,7,26,N,zipper-line-4,normal,smooth
PRD-00184,SHP-202407-02,1,옷감사,W2WPM10GY,여름,여성,혼방,바지,그레이,39606,63369.6,야드,19010.9,2024-06-09,2024-06-20,2024-07-18,11,28,N,fabric-line-5,normal,smooth
PRD-00185,SHP-202407-02,2,케어라벨사,W2WPM10GY,여름,여성,혼방,바지,그레이,39606,39606,장,39.606,2024-06-15,2024-06-21,2024-07-18,6,27,N,label-line-6,normal,smooth
PRD-00186,SHP-202407-02,3,지퍼단추사,W2WPM10GY,여름,여성,혼방,바지,그레이,39606,39606,개,198.03,2024-06-10,2024-06-17,2024-07-18,7,31,N,zipper-line-1,normal,smooth
PRD-00187,SHP-202407-03,1,옷감사,W3MJW01NV,가을,남성,울,재킷,네이비,41746,87666.6,야드,26300.0,2024-06-26,2024-07-08,2024-07-27,12,19,N,fabric-line-2,normal,smooth
PRD-00188,SHP-202407-03,2,케어라벨사,W3MJW01NV,가을,남성,울,재킷,네이비,41746,41746,장,41.746,2024-06-24,2024-06-29,2024-07-27,5,28,N,label-line-3,normal,smooth
PRD-00189,SHP-202407-03,3,지퍼단추사,W3MJW01NV,가을,남성,울,재킷,네이비,41746,83492,개,417.46,2024-06-21,2024-06-28,2024-07-27,7,29,N,zipper-line-4,normal,smooth
PRD-00190,SHP-202408-01,1,옷감사,W2MTC08RD,여름,남성,면,티셔츠,레드,32515,39018.0,야드,11705.4,2024-06-27,2024-07-08,2024-08-07,11,30,N,fabric-line-5,normal,smooth
PRD-00191,SHP-202408-01,2,케어라벨사,W2MTC08RD,여름,남성,면,티셔츠,레드,32515,32515,장,32.515,2024-07-06,2024-07-12,2024-08-07,6,26,N,label-line-6,normal,smooth
PRD-00192,SHP-202408-01,3,지퍼단추사,W2MTC08RD,여름,남성,면,티셔츠,레드,32515,32515,개,162.575,2024-07-07,2024-07-15,2024-08-07,8,23,N,zipper-line-1,normal,smooth
PRD-00193,SHP-202408-02,1,옷감사,W2WPL07BE,여름,여성,린넨,바지,베이지,30958,49532.8,야드,14859.8,2024-07-04,2024-07-15,2024-08-15,11,31,N,fabric-line-2,normal,smooth
PRD-00194,SHP-202408-02,2,케어라벨사,W2WPL07BE,여름,여성,린넨,바지,베이지,30958,30958,장,30.958,2024-07-24,2024-07-28,2024-08-15,4,18,N,label-line-3,normal,smooth
PRD-00195,SHP-202408-02,3,지퍼단추사,W2WPL07BE,여름,여성,린넨,바지,베이지,30958,30958,개,154.79,2024-07-11,2024-07-19,2024-08-15,8,27,N,zipper-line-4,normal,smooth
PRD-00196,SHP-202408-03,1,옷감사,W1MTP05BE,봄,남성,폴리에스터,티셔츠,베이지,34634,41560.8,야드,12468.2,2024-07-11,2024-07-25,2024-08-23,14,29,N,fabric-line-5,normal,smooth
PRD-00197,SHP-202408-03,2,케어라벨사,W1MTP05BE,봄,남성,폴리에스터,티셔츠,베이지,34634,34634,장,34.634,2024-07-22,2024-07-26,2024-08-23,4,28,N,label-line-6,normal,smooth
PRD-00198,SHP-202408-03,3,지퍼단추사,W1MTP05BE,봄,남성,폴리에스터,티셔츠,베이지,34634,34634,개,173.17,2024-07-23,2024-07-31,2024-08-23,8,23,N,zipper-line-1,normal,smooth
PRD-00199,SHP-202408-04,1,옷감사,W2WTL06WH,여름,여성,린넨,티셔츠,화이트,37234,44680.8,야드,13404.2,2024-07-20,2024-08-01,2024-08-28,12,27,N,fabric-line-2,normal,smooth
PRD-00200,SHP-202408-04,2,케어라벨사,W2WTL06WH,여름,여성,린넨,티셔츠,화이트,37234,37234,장,37.234,2024-08-01,2024-08-07,2024-08-28,6,21,N,label-line-3,normal,smooth
PRD-00201,SHP-202408-04,3,지퍼단추사,W2WTL06WH,여름,여성,린넨,티셔츠,화이트,37234,37234,개,186.17,2024-07-28,2024-08-06,2024-08-28,9,22,N,zipper-line-4,normal,smooth
PRD-00202,SHP-202409-01,1,옷감사,W2WPM10GY,여름,여성,혼방,바지,그레이,35779,57246.4,야드,17173.9,2024-07-27,2024-08-09,2024-09-08,13,30,N,fabric-line-5,normal,smooth
PRD-00203,SHP-202409-01,2,케어라벨사,W2WPM10GY,여름,여성,혼방,바지,그레이,35779,35779,장,35.779,2024-08-13,2024-08-20,2024-09-08,7,19,N,label-line-6,normal,smooth
PRD-00204,SHP-202409-01,3,지퍼단추사,W2WPM10GY,여름,여성,혼방,바지,그레이,35779,35779,개,178.895,2024-08-06,2024-08-14,2024-09-08,8,25,N,zipper-line-1,normal,smooth
PRD-00205,SHP-202409-02,1,옷감사,W3MJW01NV,가을,남성,울,재킷,네이비,33968,71332.8,야드,21399.8,2024-08-13,2024-08-27,2024-09-18,14,22,N,fabric-line-2,normal,smooth
PRD-00206,SHP-202409-02,2,케어라벨사,W3MJW01NV,가을,남성,울,재킷,네이비,33968,33968,장,33.968,2024-08-19,2024-08-26,2024-09-18,7,23,N,label-line-3,normal,smooth
PRD-00207,SHP-202409-02,3,지퍼단추사,W3MJW01NV,가을,남성,울,재킷,네이비,33968,67936,개,339.68,2024-08-19,2024-08-26,2024-09-18,7,23,N,zipper-line-4,normal,smooth
PRD-00208,SHP-202409-03,1,옷감사,W4WDP11BK,겨울,여성,폴리에스터,다운,블랙,34666,83198.4,야드,24959.5,2024-08-20,2024-09-01,2024-09-27,12,26,N,fabric-line-5,normal,smooth
PRD-00209,SHP-202409-03,2,케어라벨사,W4WDP11BK,겨울,여성,폴리에스터,다운,블랙,34666,34666,장,34.666,2024-09-01,2024-09-05,2024-09-27,4,22,N,label-line-6,normal,smooth
PRD-00210,SHP-202409-03,3,지퍼단추사,W4WDP11BK,겨울,여성,폴리에스터,다운,블랙,34666,34666,개,173.33,2024-08-24,2024-08-31,2024-09-27,7,27,N,zipper-line-1,normal,smooth
PRD-00211,SHP-202410-01,1,옷감사,W2WPL07BE,여름,여성,린넨,바지,베이지,45568,72908.8,야드,21872.6,2024-08-30,2024-09-13,2024-10-08,14,25,N,fabric-line-2,normal,smooth
PRD-00212,SHP-202410-01,2,케어라벨사,W2WPL07BE,여름,여성,린넨,바지,베이지,45568,45568,장,45.568,2024-09-11,2024-09-17,2024-10-08,6,21,N,label-line-3,normal,smooth
PRD-00213,SHP-202410-01,3,지퍼단추사,W2WPL07BE,여름,여성,린넨,바지,베이지,45568,45568,개,227.84,2024-09-11,2024-09-17,2024-10-08,6,21,N,zipper-line-4,normal,smooth
PRD-00214,SHP-202410-02,1,옷감사,W1MTP05BE,봄,남성,폴리에스터,티셔츠,베이지,42614,51136.8,야드,15341.0,2024-09-07,2024-09-18,2024-10-18,11,30,N,fabric-line-5,normal,smooth
PRD-00215,SHP-202410-02,2,케어라벨사,W1MTP05BE,봄,남성,폴리에스터,티셔츠,베이지,42614,42614,장,42.614,2024-09-13,2024-09-20,2024-10-18,7,28,N,label-line-6,normal,smooth
PRD-00216,SHP-202410-02,3,지퍼단추사,W1MTP05BE,봄,남성,폴리에스터,티셔츠,베이지,42614,42614,개,213.07,2024-09-14,2024-09-20,2024-10-18,6,28,N,zipper-line-1,normal,smooth
PRD-00217,SHP-202410-03,1,옷감사,W2WTL06WH,여름,여성,린넨,티셔츠,화이트,40772,48926.4,야드,14677.9,2024-09-23,2024-10-05,2024-10-27,12,22,N,fabric-line-2,normal,smooth
PRD-00218,SHP-202410-03,2,케어라벨사,W2WTL06WH,여름,여성,린넨,티셔츠,화이트,40772,40772,장,40.772,2024-09-29,2024-10-05,2024-10-27,6,22,N,label-line-3,normal,smooth
PRD-00219,SHP-202410-03,3,지퍼단추사,W2WTL06WH,여름,여성,린넨,티셔츠,화이트,40772,40772,개,203.86,2024-09-22,2024-09-29,2024-10-27,7,28,N,zipper-line-4,normal,smooth
PRD-00220,SHP-202411-01,1,옷감사,W2WPM10GY,여름,여성,혼방,바지,그레이,43352,69363.2,야드,20809.0,2024-10-04,2024-10-17,2024-11-07,13,21,N,fabric-line-5,normal,smooth
PRD-00221,SHP-202411-01,2,케어라벨사,W2WPM10GY,여름,여성,혼방,바지,그레이,43352,43352,장,43.352,2024-10-01,2024-10-07,2024-11-07,6,31,N,label-line-6,normal,smooth
PRD-00222,SHP-202411-01,3,지퍼단추사,W2WPM10GY,여름,여성,혼방,바지,그레이,43352,43352,개,216.76,2024-10-03,2024-10-09,2024-11-07,6,29,N,zipper-line-1,normal,smooth
PRD-00223,SHP-202411-02,1,옷감사,W3MJW01NV,가을,남성,울,재킷,네이비,42731,89735.1,야드,26920.5,2024-10-13,2024-10-24,2024-11-15,11,22,N,fabric-line-2,normal,smooth
PRD-00224,SHP-202411-02,2,케어라벨사,W3MJW01NV,가을,남성,울,재킷,네이비,42731,42731,장,42.731,2024-10-13,2024-10-17,2024-11-15,4,29,N,label-line-3,normal,smooth
PRD-00225,SHP-202411-02,3,지퍼단추사,W3MJW01NV,가을,남성,울,재킷,네이비,42731,85462,개,427.31,2024-10-17,2024-10-24,2024-11-15,7,22,N,zipper-line-4,normal,smooth
PRD-00226,SHP-202411-03,1,옷감사,W4WDP11BK,겨울,여성,폴리에스터,다운,블랙,39439,94653.6,야드,28396.1,2024-10-24,2024-11-05,2024-11-23,12,18,N,fabric-line-5,normal,smooth
PRD-00227,SHP-202411-03,2,케어라벨사,W4WDP11BK,겨울,여성,폴리에스터,다운,블랙,39439,39439,장,39.439,2024-11-01,2024-11-05,2024-11-23,4,18,N,label-line-6,normal,smooth
PRD-00228,SHP-202411-03,3,지퍼단추사,W4WDP11BK,겨울,여성,폴리에스터,다운,블랙,39439,39439,개,197.195,2024-10-19,2024-10-27,2024-11-23,8,27,N,zipper-line-1,normal,smooth
PRD-00229,SHP-202411-04,1,옷감사,W2MTC08RD,여름,남성,면,티셔츠,레드,35593,42711.6,야드,12813.5,2024-10-19,2024-10-30,2024-11-28,11,29,N,fabric-line-2,normal,smooth
PRD-00230,SHP-202411-04,2,케어라벨사,W2MTC08RD,여름,남성,면,티셔츠,레드,35593,35593,장,35.593,2024-11-01,2024-11-06,2024-11-28,5,22,N,label-line-3,normal,smooth
PRD-00231,SHP-202411-04,3,지퍼단추사,W2MTC08RD,여름,남성,면,티셔츠,레드,35593,35593,개,177.965,2024-10-27,2024-11-02,2024-11-28,6,26,N,zipper-line-4,normal,smooth
PRD-00232,SHP-202412-01,1,옷감사,W1MTP05BE,봄,남성,폴리에스터,티셔츠,베이지,43338,52005.6,야드,15601.7,2024-11-03,2024-11-14,2024-12-08,11,24,N,fabric-line-5,normal,smooth
PRD-00233,SHP-202412-01,2,케어라벨사,W1MTP05BE,봄,남성,폴리에스터,티셔츠,베이지,43338,43338,장,43.338,2024-11-09,2024-11-15,2024-12-08,6,23,N,label-line-6,normal,smooth
PRD-00234,SHP-202412-01,3,지퍼단추사,W1MTP05BE,봄,남성,폴리에스터,티셔츠,베이지,43338,43338,개,216.69,2024-11-01,2024-11-07,2024-12-08,6,31,N,zipper-line-1,normal,smooth
PRD-00235,SHP-202412-02,1,옷감사,W2WTL06WH,여름,여성,린넨,티셔츠,화이트,38161,45793.2,야드,13738.0,2024-11-09,2024-11-22,2024-12-18,13,26,N,fabric-line-2,normal,smooth
PRD-00236,SHP-202412-02,2,케어라벨사,W2WTL06WH,여름,여성,린넨,티셔츠,화이트,38161,38161,장,38.161,2024-11-23,2024-11-28,2024-12-18,5,20,N,label-line-3,normal,smooth
PRD-00237,SHP-202412-02,3,지퍼단추사,W2WTL06WH,여름,여성,린넨,티셔츠,화이트,38161,38161,개,190.805,2024-11-13,2024-11-20,2024-12-18,7,28,N,zipper-line-4,normal,smooth
PRD-00238,SHP-202412-03,1,옷감사,W2MPL09NV,여름,남성,린넨,바지,네이비,37944,60710.4,야드,18213.1,2024-11-19,2024-12-01,2024-12-27,12,26,N,fabric-line-5,normal,smooth
PRD-00239,SHP-202412-03,2,케어라벨사,W2MPL09NV,여름,남성,린넨,바지,네이비,37944,37944,장,37.944,2024-11-28,2024-12-03,2024-12-27,5,24,N,label-line-6,normal,smooth
PRD-00240,SHP-202412-03,3,지퍼단추사,W2MPL09NV,여름,남성,린넨,바지,네이비,37944,37944,개,189.72,2024-11-20,2024-11-28,2024-12-27,8,29,N,zipper-line-1,normal,smooth
PRD-00241,SHP-202501-01,1,옷감사,W2WTL06WH,여름,여성,린넨,티셔츠,화이트,27235,32682.0,야드,9804.6,2024-12-14,2024-12-29,2025-01-08,15,10,N,fabric-line-2,normal,supply_crack
PRD-00242,SHP-202501-01,2,케어라벨사,W2WTL06WH,여름,여성,린넨,티셔츠,화이트,27235,27235,장,27.235,2024-12-17,2024-12-26,2025-01-08,9,13,N,label-line-3,normal,supply_crack
PRD-00243,SHP-202501-01,3,지퍼단추사,W2WTL06WH,여름,여성,린넨,티셔츠,화이트,27235,27235,개,136.175,2024-12-20,2024-12-28,2025-01-08,8,11,N,zipper-line-4,normal,supply_crack
PRD-00244,SHP-202501-02,1,옷감사,W2MPL09NV,여름,남성,린넨,바지,네이비,35903,57444.8,야드,17233.4,2024-12-21,2025-01-06,2025-01-18,16,12,N,fabric-line-5,normal,supply_crack
PRD-00245,SHP-202501-02,2,케어라벨사,W2MPL09NV,여름,남성,린넨,바지,네이비,35903,35903,장,35.903,2024-12-29,2025-01-06,2025-01-18,8,12,N,label-line-6,normal,supply_crack
PRD-00246,SHP-202501-02,3,지퍼단추사,W2MPL09NV,여름,남성,린넨,바지,네이비,35903,35903,개,179.515,2025-01-01,2025-01-10,2025-01-18,9,8,N,zipper-line-1,normal,supply_crack
PRD-00247,SHP-202501-03,1,옷감사,W2WPM10GY,여름,여성,혼방,바지,그레이,30726,49161.6,야드,14748.5,2024-12-30,2025-01-12,2025-01-27,13,15,N,fabric-line-2,normal,supply_crack
PRD-00248,SHP-202501-03,2,케어라벨사,W2WPM10GY,여름,여성,혼방,바지,그레이,30726,30726,장,30.726,2025-01-06,2025-01-14,2025-01-27,8,13,N,label-line-3,normal,supply_crack
PRD-00249,SHP-202501-03,3,지퍼단추사,W2WPM10GY,여름,여성,혼방,바지,그레이,30726,30726,개,153.63,2025-01-05,2025-01-15,2025-01-27,10,12,N,zipper-line-4,normal,supply_crack
PRD-00250,SHP-202502-01,1,옷감사,W4WDP11BK,겨울,여성,폴리에스터,다운,블랙,33359,80061.6,야드,24018.5,2025-01-17,2025-01-30,2025-02-07,13,8,N,fabric-line-5,normal,supply_crack
PRD-00251,SHP-202502-01,2,케어라벨사,W4WDP11BK,겨울,여성,폴리에스터,다운,블랙,33359,33359,장,33.359,2025-01-21,2025-01-29,2025-02-07,8,9,N,label-line-6,normal,supply_crack
PRD-00252,SHP-202502-01,3,지퍼단추사,W4WDP11BK,겨울,여성,폴리에스터,다운,블랙,33359,33359,개,166.795,2025-01-12,2025-01-22,2025-02-07,10,16,N,zipper-line-1,normal,supply_crack
PRD-00253,SHP-202502-02,1,옷감사,W2MTC08RD,여름,남성,면,티셔츠,레드,33690,40428.0,야드,12128.4,2025-01-19,2025-02-01,2025-02-15,13,14,N,fabric-line-2,normal,supply_crack
PRD-00254,SHP-202502-02,2,케어라벨사,W2MTC08RD,여름,남성,면,티셔츠,레드,33690,33690,장,33.69,2025-01-28,2025-02-06,2025-02-15,9,9,N,label-line-3,normal,supply_crack
PRD-00255,SHP-202502-02,3,지퍼단추사,W2MTC08RD,여름,남성,면,티셔츠,레드,33690,33690,개,168.45,2025-01-24,2025-02-02,2025-02-15,9,13,N,zipper-line-4,normal,supply_crack
PRD-00256,SHP-202502-03,1,옷감사,W2WPL07BE,여름,여성,린넨,바지,베이지,27018,43228.8,야드,12968.6,2025-01-25,2025-02-09,2025-02-23,15,14,N,fabric-line-5,normal,supply_crack
PRD-00257,SHP-202502-03,2,케어라벨사,W2WPL07BE,여름,여성,린넨,바지,베이지,27018,27018,장,27.018,2025-02-04,2025-02-13,2025-02-23,9,10,N,label-line-6,normal,supply_crack
PRD-00258,SHP-202502-03,3,지퍼단추사,W2WPL07BE,여름,여성,린넨,바지,베이지,27018,27018,개,135.09,2025-02-04,2025-02-12,2025-02-23,8,11,N,zipper-line-1,normal,supply_crack
PRD-00259,SHP-202502-04,1,옷감사,W1MTP05BE,봄,남성,폴리에스터,티셔츠,베이지,27143,32571.6,야드,9771.5,2025-02-07,2025-02-21,2025-02-28,14,7,N,fabric-line-2,normal,supply_crack
PRD-00260,SHP-202502-04,2,케어라벨사,W1MTP05BE,봄,남성,폴리에스터,티셔츠,베이지,27143,27143,장,27.143,2025-02-09,2025-02-18,2025-02-28,9,10,N,label-line-3,normal,supply_crack
PRD-00261,SHP-202502-04,3,지퍼단추사,W1MTP05BE,봄,남성,폴리에스터,티셔츠,베이지,27143,27143,개,135.715,2025-02-12,2025-02-20,2025-02-28,8,8,N,zipper-line-4,normal,supply_crack
PRD-00262,SHP-202503-01,1,옷감사,W2MPL09NV,여름,남성,린넨,바지,네이비,36389,58222.4,야드,17466.7,2025-02-13,2025-02-28,2025-03-08,15,8,N,fabric-line-5,normal,supply_crack
PRD-00263,SHP-202503-01,2,케어라벨사,W2MPL09NV,여름,남성,린넨,바지,네이비,36389,36389,장,36.389,2025-02-21,2025-02-28,2025-03-08,7,8,N,label-line-6,normal,supply_crack
PRD-00264,SHP-202503-01,3,지퍼단추사,W2MPL09NV,여름,남성,린넨,바지,네이비,36389,36389,개,181.945,2025-02-10,2025-02-20,2025-03-08,10,16,N,zipper-line-1,normal,supply_crack
PRD-00265,SHP-202503-02,1,옷감사,W2WPM10GY,여름,여성,혼방,바지,그레이,36097,57755.2,야드,17326.6,2025-02-15,2025-03-03,2025-03-18,16,15,N,fabric-line-2,normal,supply_crack
PRD-00266,SHP-202503-02,2,케어라벨사,W2WPM10GY,여름,여성,혼방,바지,그레이,36097,36097,장,36.097,2025-02-27,2025-03-07,2025-03-18,8,11,N,label-line-3,normal,supply_crack
PRD-00267,SHP-202503-02,3,지퍼단추사,W2WPM10GY,여름,여성,혼방,바지,그레이,36097,36097,개,180.485,2025-02-20,2025-03-03,2025-03-18,11,15,N,zipper-line-4,normal,supply_crack
PRD-00268,SHP-202503-03,1,옷감사,W3MJW01NV,가을,남성,울,재킷,네이비,38369,80574.9,야드,24172.5,2025-02-27,2025-03-15,2025-03-27,16,12,N,fabric-line-5,normal,supply_crack
PRD-00269,SHP-202503-03,2,케어라벨사,W3MJW01NV,가을,남성,울,재킷,네이비,38369,38369,장,38.369,2025-03-10,2025-03-18,2025-03-27,8,9,N,label-line-6,normal,supply_crack
PRD-00270,SHP-202503-03,3,지퍼단추사,W3MJW01NV,가을,남성,울,재킷,네이비,38369,76738,개,383.69,2025-03-01,2025-03-12,2025-03-27,11,15,N,zipper-line-1,normal,supply_crack
PRD-00271,SHP-202504-01,1,옷감사,W2MTC08RD,여름,남성,면,티셔츠,레드,33733,40479.6,야드,12143.9,2025-03-18,2025-04-01,2025-04-08,14,7,N,fabric-line-2,normal,supply_crack
PRD-00272,SHP-202504-01,2,케어라벨사,W2MTC08RD,여름,남성,면,티셔츠,레드,33733,33733,장,33.733,2025-03-20,2025-03-28,2025-04-08,8,11,N,label-line-3,normal,supply_crack
PRD-00273,SHP-202504-01,3,지퍼단추사,W2MTC08RD,여름,남성,면,티셔츠,레드,33733,33733,개,168.665,2025-03-19,2025-03-27,2025-04-08,8,12,N,zipper-line-4,normal,supply_crack
PRD-00274,SHP-202504-02,1,옷감사,W2WPL07BE,여름,여성,린넨,바지,베이지,36190,57904.0,야드,17371.2,2025-03-27,2025-04-09,2025-04-18,13,9,N,fabric-line-5,normal,supply_crack
PRD-00275,SHP-202504-02,2,케어라벨사,W2WPL07BE,여름,여성,린넨,바지,베이지,36190,36190,장,36.19,2025-03-30,2025-04-07,2025-04-18,8,11,N,label-line-6,normal,supply_crack
PRD-00276,SHP-202504-02,3,지퍼단추사,W2WPL07BE,여름,여성,린넨,바지,베이지,36190,36190,개,180.95,2025-03-30,2025-04-07,2025-04-18,8,11,N,zipper-line-1,normal,supply_crack
PRD-00277,SHP-202504-03,1,옷감사,W1MTP05BE,봄,남성,폴리에스터,티셔츠,베이지,35651,42781.2,야드,12834.4,2025-04-01,2025-04-15,2025-04-27,14,12,N,fabric-line-2,normal,supply_crack
PRD-00278,SHP-202504-03,2,케어라벨사,W1MTP05BE,봄,남성,폴리에스터,티셔츠,베이지,35651,35651,장,35.651,2025-04-08,2025-04-16,2025-04-27,8,11,N,label-line-3,normal,supply_crack
PRD-00279,SHP-202504-03,3,지퍼단추사,W1MTP05BE,봄,남성,폴리에스터,티셔츠,베이지,35651,35651,개,178.255,2025-04-02,2025-04-12,2025-04-27,10,15,N,zipper-line-4,normal,supply_crack
PRD-00280,SHP-202505-01,1,옷감사,W2MPL09NV,여름,남성,린넨,바지,네이비,43556,69689.6,야드,20906.9,2025-04-17,2025-04-30,2025-05-07,13,7,N,fabric-line-5,normal,supply_crack
PRD-00281,SHP-202505-01,2,케어라벨사,W2MPL09NV,여름,남성,린넨,바지,네이비,43556,43556,장,43.556,2025-04-15,2025-04-21,2025-05-07,6,16,N,label-line-6,normal,supply_crack
PRD-00282,SHP-202505-01,3,지퍼단추사,W2MPL09NV,여름,남성,린넨,바지,네이비,43556,43556,개,217.78,2025-04-12,2025-04-22,2025-05-07,10,15,N,zipper-line-1,normal,supply_crack
PRD-00283,SHP-202505-02,1,옷감사,W2WPM10GY,여름,여성,혼방,바지,그레이,46810,74896.0,야드,22468.8,2025-04-20,2025-05-04,2025-05-15,14,11,N,fabric-line-2,normal,supply_crack
PRD-00284,SHP-202505-02,2,케어라벨사,W2WPM10GY,여름,여성,혼방,바지,그레이,46810,46810,장,46.81,2025-04-20,2025-04-29,2025-05-15,9,16,N,label-line-3,normal,supply_crack
PRD-00285,SHP-202505-02,3,지퍼단추사,W2WPM10GY,여름,여성,혼방,바지,그레이,46810,46810,개,234.05,2025-04-29,2025-05-08,2025-05-15,9,7,N,zipper-line-4,normal,supply_crack
PRD-00286,SHP-202505-03,1,옷감사,W3MJW01NV,가을,남성,울,재킷,네이비,36700,77070.0,야드,23121.0,2025-04-24,2025-05-07,2025-05-23,13,16,N,fabric-line-5,normal,supply_crack
PRD-00287,SHP-202505-03,2,케어라벨사,W3MJW01NV,가을,남성,울,재킷,네이비,36700,36700,장,36.7,2025-05-01,2025-05-08,2025-05-23,7,15,N,label-line-6,normal,supply_crack
PRD-00288,SHP-202505-03,3,지퍼단추사,W3MJW01NV,가을,남성,울,재킷,네이비,36700,73400,개,367.0,2025-04-30,2025-05-10,2025-05-23,10,13,N,zipper-line-1,normal,supply_crack
PRD-00289,SHP-202505-04,1,옷감사,W4WDP11BK,겨울,여성,폴리에스터,다운,블랙,37361,89666.4,야드,26899.9,2025-05-02,2025-05-15,2025-05-28,13,13,N,fabric-line-2,normal,supply_crack
PRD-00290,SHP-202505-04,2,케어라벨사,W4WDP11BK,겨울,여성,폴리에스터,다운,블랙,37361,37361,장,37.361,2025-05-07,2025-05-15,2025-05-28,8,13,N,label-line-3,normal,supply_crack
PRD-00291,SHP-202505-04,3,지퍼단추사,W4WDP11BK,겨울,여성,폴리에스터,다운,블랙,37361,37361,개,186.805,2025-05-12,2025-05-21,2025-05-28,9,7,N,zipper-line-4,normal,supply_crack
PRD-00292,SHP-202506-01,1,옷감사,W2WPL07BE,여름,여성,린넨,바지,베이지,43517,69627.2,야드,20888.2,2025-05-17,2025-06-01,2025-06-08,15,7,N,fabric-line-5,normal,supply_crack
PRD-00293,SHP-202506-01,2,케어라벨사,W2WPL07BE,여름,여성,린넨,바지,베이지,43517,43517,장,43.517,2025-05-22,2025-05-28,2025-06-08,6,11,N,label-line-6,normal,supply_crack
PRD-00294,SHP-202506-01,3,지퍼단추사,W2WPL07BE,여름,여성,린넨,바지,베이지,43517,43517,개,217.585,2025-05-17,2025-05-27,2025-06-08,10,12,N,zipper-line-1,normal,supply_crack
PRD-00295,SHP-202506-02,1,옷감사,W1MTP05BE,봄,남성,폴리에스터,티셔츠,베이지,35955,43146.0,야드,12943.8,2025-05-24,2025-06-07,2025-06-18,14,11,N,fabric-line-2,normal,supply_crack
PRD-00296,SHP-202506-02,2,케어라벨사,W1MTP05BE,봄,남성,폴리에스터,티셔츠,베이지,35955,35955,장,35.955,2025-06-03,2025-06-11,2025-06-18,8,7,N,label-line-3,normal,supply_crack
PRD-00297,SHP-202506-02,3,지퍼단추사,W1MTP05BE,봄,남성,폴리에스터,티셔츠,베이지,35955,35955,개,179.775,2025-05-26,2025-06-03,2025-06-18,8,15,N,zipper-line-4,normal,supply_crack
PRD-00298,SHP-202506-03,1,옷감사,W2WTL06WH,여름,여성,린넨,티셔츠,화이트,37437,44924.4,야드,13477.3,2025-05-31,2025-06-14,2025-06-27,14,13,N,fabric-line-5,normal,supply_crack
PRD-00299,SHP-202506-03,2,케어라벨사,W2WTL06WH,여름,여성,린넨,티셔츠,화이트,37437,37437,장,37.437,2025-06-06,2025-06-14,2025-06-27,8,13,N,label-line-6,normal,supply_crack
PRD-00300,SHP-202506-03,3,지퍼단추사,W2WTL06WH,여름,여성,린넨,티셔츠,화이트,37437,37437,개,187.185,2025-06-09,2025-06-20,2025-06-27,11,7,N,zipper-line-1,normal,supply_crack
PRD-00301,SHP-202507-01,1,옷감사,W2WPM10GY,여름,여성,혼방,바지,그레이,46321,74113.6,야드,22234.1,2025-06-10,2025-06-24,2025-07-08,14,14,N,fabric-line-2,normal,supply_crack
PRD-00302,SHP-202507-01,2,케어라벨사,W2WPM10GY,여름,여성,혼방,바지,그레이,46321,46321,장,46.321,2025-06-23,2025-07-01,2025-07-08,8,7,N,label-line-3,normal,supply_crack
PRD-00303,SHP-202507-01,3,지퍼단추사,W2WPM10GY,여름,여성,혼방,바지,그레이,46321,46321,개,231.605,2025-06-22,2025-07-01,2025-07-08,9,7,N,zipper-line-4,normal,supply_crack
PRD-00304,SHP-202507-02,1,옷감사,W3MJW01NV,가을,남성,울,재킷,네이비,41038,86179.8,야드,25853.9,2025-06-25,2025-07-08,2025-07-18,13,10,N,fabric-line-5,normal,supply_crack
PRD-00305,SHP-202507-02,2,케어라벨사,W3MJW01NV,가을,남성,울,재킷,네이비,41038,41038,장,41.038,2025-06-29,2025-07-05,2025-07-18,6,13,N,label-line-6,normal,supply_crack
PRD-00306,SHP-202507-02,3,지퍼단추사,W3MJW01NV,가을,남성,울,재킷,네이비,41038,82076,개,410.38,2025-06-30,2025-07-10,2025-07-18,10,8,N,zipper-line-1,normal,supply_crack
PRD-00307,SHP-202507-03,1,옷감사,W4WDP11BK,겨울,여성,폴리에스터,다운,블랙,44494,106785.6,야드,32035.7,2025-07-05,2025-07-19,2025-07-27,14,8,N,fabric-line-2,normal,supply_crack
PRD-00308,SHP-202507-03,2,케어라벨사,W4WDP11BK,겨울,여성,폴리에스터,다운,블랙,44494,44494,장,44.494,2025-07-12,2025-07-18,2025-07-27,6,9,N,label-line-3,normal,supply_crack
PRD-00309,SHP-202507-03,3,지퍼단추사,W4WDP11BK,겨울,여성,폴리에스터,다운,블랙,44494,44494,개,222.47,2025-07-08,2025-07-17,2025-07-27,9,10,N,zipper-line-4,normal,supply_crack
PRD-00310,SHP-202508-01,1,옷감사,W2WPL07BE,여름,여성,린넨,바지,베이지,30020,48032.0,야드,14409.6,2025-07-09,2025-07-22,2025-08-07,13,16,N,fabric-line-5,normal,supply_crack
PRD-00311,SHP-202508-01,2,케어라벨사,W2WPL07BE,여름,여성,린넨,바지,베이지,30020,30020,장,30.02,2025-07-20,2025-07-29,2025-08-07,9,9,N,label-line-6,normal,supply_crack
PRD-00312,SHP-202508-01,3,지퍼단추사,W2WPL07BE,여름,여성,린넨,바지,베이지,30020,30020,개,150.1,2025-07-18,2025-07-28,2025-08-07,10,10,N,zipper-line-1,normal,supply_crack
PRD-00313,SHP-202508-02,1,옷감사,W1MTP05BE,봄,남성,폴리에스터,티셔츠,베이지,36949,44338.8,야드,13301.6,2025-07-24,2025-08-06,2025-08-15,13,9,N,fabric-line-2,normal,supply_crack
PRD-00314,SHP-202508-02,2,케어라벨사,W1MTP05BE,봄,남성,폴리에스터,티셔츠,베이지,36949,36949,장,36.949,2025-07-28,2025-08-04,2025-08-15,7,11,N,label-line-3,normal,supply_crack
PRD-00315,SHP-202508-02,3,지퍼단추사,W1MTP05BE,봄,남성,폴리에스터,티셔츠,베이지,36949,36949,개,184.745,2025-07-28,2025-08-07,2025-08-15,10,8,N,zipper-line-4,normal,supply_crack
PRD-00316,SHP-202508-03,1,옷감사,W2WTL06WH,여름,여성,린넨,티셔츠,화이트,30904,37084.8,야드,11125.4,2025-07-23,2025-08-07,2025-08-23,15,16,N,fabric-line-5,normal,supply_crack
PRD-00317,SHP-202508-03,2,케어라벨사,W2WTL06WH,여름,여성,린넨,티셔츠,화이트,30904,30904,장,30.904,2025-08-06,2025-08-14,2025-08-23,8,9,N,label-line-6,normal,supply_crack
PRD-00318,SHP-202508-03,3,지퍼단추사,W2WTL06WH,여름,여성,린넨,티셔츠,화이트,30904,30904,개,154.52,2025-08-01,2025-08-10,2025-08-23,9,13,N,zipper-line-1,normal,supply_crack
PRD-00319,SHP-202508-04,1,옷감사,W2MPL09NV,여름,남성,린넨,바지,네이비,39186,62697.6,야드,18809.3,2025-07-31,2025-08-14,2025-08-28,14,14,N,fabric-line-2,normal,supply_crack
PRD-00320,SHP-202508-04,2,케어라벨사,W2MPL09NV,여름,남성,린넨,바지,네이비,39186,39186,장,39.186,2025-08-07,2025-08-15,2025-08-28,8,13,N,label-line-3,normal,supply_crack
PRD-00321,SHP-202508-04,3,지퍼단추사,W2MPL09NV,여름,남성,린넨,바지,네이비,39186,39186,개,195.93,2025-08-04,2025-08-14,2025-08-28,10,14,N,zipper-line-4,normal,supply_crack
PRD-00322,SHP-202509-01,1,옷감사,W3MJW01NV,가을,남성,울,재킷,네이비,33900,71190.0,야드,21357.0,2025-08-14,2025-08-30,2025-09-08,16,9,N,fabric-line-5,normal,supply_crack
PRD-00323,SHP-202509-01,2,케어라벨사,W3MJW01NV,가을,남성,울,재킷,네이비,33900,33900,장,33.9,2025-08-15,2025-08-24,2025-09-08,9,15,N,label-line-6,normal,supply_crack
PRD-00324,SHP-202509-01,3,지퍼단추사,W3MJW01NV,가을,남성,울,재킷,네이비,33900,67800,개,339.0,2025-08-15,2025-08-26,2025-09-08,11,13,N,zipper-line-1,normal,supply_crack
PRD-00325,SHP-202509-02,1,옷감사,W4WDP11BK,겨울,여성,폴리에스터,다운,블랙,39090,93816.0,야드,28144.8,2025-08-25,2025-09-10,2025-09-18,16,8,N,fabric-line-2,normal,supply_crack
PRD-00326,SHP-202509-02,2,케어라벨사,W4WDP11BK,겨울,여성,폴리에스터,다운,블랙,39090,39090,장,39.09,2025-08-24,2025-09-02,2025-09-18,9,16,N,label-line-3,normal,supply_crack
PRD-00327,SHP-202509-02,3,지퍼단추사,W4WDP11BK,겨울,여성,폴리에스터,다운,블랙,39090,39090,개,195.45,2025-08-31,2025-09-09,2025-09-18,9,9,N,zipper-line-4,normal,supply_crack
PRD-00328,SHP-202509-03,1,옷감사,W2MTC08RD,여름,남성,면,티셔츠,레드,31983,38379.6,야드,11513.9,2025-08-30,2025-09-15,2025-09-27,16,12,N,fabric-line-5,normal,supply_crack
PRD-00329,SHP-202509-03,2,케어라벨사,W2MTC08RD,여름,남성,면,티셔츠,레드,31983,31983,장,31.983,2025-09-12,2025-09-18,2025-09-27,6,9,N,label-line-6,normal,supply_crack
PRD-00330,SHP-202509-03,3,지퍼단추사,W2MTC08RD,여름,남성,면,티셔츠,레드,31983,31983,개,159.915,2025-09-09,2025-09-17,2025-09-27,8,10,N,zipper-line-1,normal,supply_crack
PRD-00331,SHP-202510-01,1,옷감사,W1MTP05BE,봄,남성,폴리에스터,티셔츠,베이지,42467,50960.4,야드,15288.1,2025-09-11,2025-09-25,2025-10-08,14,13,N,fabric-line-2,normal,supply_crack
PRD-00332,SHP-202510-01,2,케어라벨사,W1MTP05BE,봄,남성,폴리에스터,티셔츠,베이지,42467,42467,장,42.467,2025-09-17,2025-09-23,2025-10-08,6,15,N,label-line-3,normal,supply_crack
PRD-00333,SHP-202510-01,3,지퍼단추사,W1MTP05BE,봄,남성,폴리에스터,티셔츠,베이지,42467,42467,개,212.335,2025-09-15,2025-09-24,2025-10-08,9,14,N,zipper-line-4,normal,supply_crack
PRD-00334,SHP-202510-02,1,옷감사,W2WTL06WH,여름,여성,린넨,티셔츠,화이트,39386,47263.2,야드,14179.0,2025-09-25,2025-10-10,2025-10-18,15,8,N,fabric-line-5,normal,supply_crack
PRD-00335,SHP-202510-02,2,케어라벨사,W2WTL06WH,여름,여성,린넨,티셔츠,화이트,39386,39386,장,39.386,2025-10-01,2025-10-08,2025-10-18,7,10,N,label-line-6,normal,supply_crack
PRD-00336,SHP-202510-02,3,지퍼단추사,W2WTL06WH,여름,여성,린넨,티셔츠,화이트,39386,39386,개,196.93,2025-09-27,2025-10-08,2025-10-18,11,10,N,zipper-line-1,normal,supply_crack
PRD-00337,SHP-202510-03,1,옷감사,W2MPL09NV,여름,남성,린넨,바지,네이비,41739,66782.4,야드,20034.7,2025-09-27,2025-10-11,2025-10-27,14,16,N,fabric-line-2,normal,supply_crack
PRD-00338,SHP-202510-03,2,케어라벨사,W2MPL09NV,여름,남성,린넨,바지,네이비,41739,41739,장,41.739,2025-10-07,2025-10-15,2025-10-27,8,12,N,label-line-3,normal,supply_crack
PRD-00339,SHP-202510-03,3,지퍼단추사,W2MPL09NV,여름,남성,린넨,바지,네이비,41739,41739,개,208.695,2025-10-09,2025-10-20,2025-10-27,11,7,N,zipper-line-4,normal,supply_crack
PRD-00340,SHP-202511-01,1,옷감사,W3MJW01NV,가을,남성,울,재킷,네이비,40824,85730.4,야드,25719.1,2025-10-14,2025-10-30,2025-11-07,16,8,N,fabric-line-5,normal,supply_crack
PRD-00341,SHP-202511-01,2,케어라벨사,W3MJW01NV,가을,남성,울,재킷,네이비,40824,40824,장,40.824,2025-10-20,2025-10-29,2025-11-07,9,9,N,label-line-6,normal,supply_crack
PRD-00342,SHP-202511-01,3,지퍼단추사,W3MJW01NV,가을,남성,울,재킷,네이비,40824,81648,개,408.24,2025-10-16,2025-10-24,2025-11-07,8,14,N,zipper-line-1,normal,supply_crack
PRD-00343,SHP-202511-02,1,옷감사,W4WDP11BK,겨울,여성,폴리에스터,다운,블랙,37002,88804.8,야드,26641.4,2025-10-15,2025-10-31,2025-11-15,16,15,N,fabric-line-2,normal,supply_crack
PRD-00344,SHP-202511-02,2,케어라벨사,W4WDP11BK,겨울,여성,폴리에스터,다운,블랙,37002,37002,장,37.002,2025-10-28,2025-11-06,2025-11-15,9,9,N,label-line-3,normal,supply_crack
PRD-00345,SHP-202511-02,3,지퍼단추사,W4WDP11BK,겨울,여성,폴리에스터,다운,블랙,37002,37002,개,185.01,2025-10-28,2025-11-07,2025-11-15,10,8,N,zipper-line-4,normal,supply_crack
PRD-00346,SHP-202511-03,1,옷감사,W2MTC08RD,여름,남성,면,티셔츠,레드,35553,42663.6,야드,12799.1,2025-10-31,2025-11-16,2025-11-23,16,7,N,fabric-line-5,normal,supply_crack
PRD-00347,SHP-202511-03,2,케어라벨사,W2MTC08RD,여름,남성,면,티셔츠,레드,35553,35553,장,35.553,2025-11-02,2025-11-11,2025-11-23,9,12,N,label-line-6,normal,supply_crack
PRD-00348,SHP-202511-03,3,지퍼단추사,W2MTC08RD,여름,남성,면,티셔츠,레드,35553,35553,개,177.765,2025-11-04,2025-11-14,2025-11-23,10,9,N,zipper-line-1,normal,supply_crack
PRD-00349,SHP-202511-04,1,옷감사,W2WPL07BE,여름,여성,린넨,바지,베이지,43567,69707.2,야드,20912.2,2025-10-29,2025-11-14,2025-11-28,16,14,N,fabric-line-2,normal,supply_crack
PRD-00350,SHP-202511-04,2,케어라벨사,W2WPL07BE,여름,여성,린넨,바지,베이지,43567,43567,장,43.567,2025-11-14,2025-11-20,2025-11-28,6,8,N,label-line-3,normal,supply_crack
PRD-00351,SHP-202511-04,3,지퍼단추사,W2WPL07BE,여름,여성,린넨,바지,베이지,43567,43567,개,217.835,2025-11-10,2025-11-19,2025-11-28,9,9,N,zipper-line-4,normal,supply_crack
PRD-00352,SHP-202512-01,1,옷감사,W2WTL06WH,여름,여성,린넨,티셔츠,화이트,37337,44804.4,야드,13441.3,2025-11-09,2025-11-25,2025-12-08,16,13,N,fabric-line-5,normal,supply_crack
PRD-00353,SHP-202512-01,2,케어라벨사,W2WTL06WH,여름,여성,린넨,티셔츠,화이트,37337,37337,장,37.337,2025-11-21,2025-11-30,2025-12-08,9,8,N,label-line-6,normal,supply_crack
PRD-00354,SHP-202512-01,3,지퍼단추사,W2WTL06WH,여름,여성,린넨,티셔츠,화이트,37337,37337,개,186.685,2025-11-13,2025-11-22,2025-12-08,9,16,N,zipper-line-1,normal,supply_crack
PRD-00355,SHP-202512-02,1,옷감사,W2MPL09NV,여름,남성,린넨,바지,네이비,43329,69326.4,야드,20797.9,2025-11-19,2025-12-03,2025-12-18,14,15,N,fabric-line-2,normal,supply_crack
PRD-00356,SHP-202512-02,2,케어라벨사,W2MPL09NV,여름,남성,린넨,바지,네이비,43329,43329,장,43.329,2025-11-29,2025-12-05,2025-12-18,6,13,N,label-line-3,normal,supply_crack
PRD-00357,SHP-202512-02,3,지퍼단추사,W2MPL09NV,여름,남성,린넨,바지,네이비,43329,43329,개,216.645,2025-11-22,2025-12-03,2025-12-18,11,15,N,zipper-line-4,normal,supply_crack
PRD-00358,SHP-202512-03,1,옷감사,W2WPM10GY,여름,여성,혼방,바지,그레이,34292,54867.2,야드,16460.2,2025-12-04,2025-12-18,2025-12-27,14,9,N,fabric-line-5,normal,supply_crack
PRD-00359,SHP-202512-03,2,케어라벨사,W2WPM10GY,여름,여성,혼방,바지,그레이,34292,34292,장,34.292,2025-12-04,2025-12-13,2025-12-27,9,14,N,label-line-6,normal,supply_crack
PRD-00360,SHP-202512-03,3,지퍼단추사,W2WPM10GY,여름,여성,혼방,바지,그레이,34292,34292,개,171.46,2025-12-09,2025-12-18,2025-12-27,9,9,N,zipper-line-1,normal,supply_crack
PRD-00361,SHP-202601-01,1,옷감사,W2MPL09NV,여름,남성,린넨,바지,네이비,26157,41851.2,야드,12555.4,2025-12-20,2026-01-07,2026-01-08,18,1,N,fabric-line-2,tight,supply_and_production_break
PRD-00362,SHP-202601-01,2,케어라벨사,W2MPL09NV,여름,남성,린넨,바지,네이비,26157,26157,장,26.157,2025-12-29,2026-01-07,2026-01-08,9,1,N,label-line-3,tight,supply_and_production_break
PRD-00363,SHP-202601-01,3,지퍼단추사,W2MPL09NV,여름,남성,린넨,바지,네이비,26157,26157,개,130.785,2025-12-27,2026-01-08,2026-01-08,12,0,N,zipper-line-4,tight,supply_and_production_break
PRD-00364,SHP-202601-02,1,옷감사,W2WPM10GY,여름,여성,혼방,바지,그레이,31613,50580.8,야드,15174.2,2026-01-01,2026-01-20,2026-01-18,19,-2,Y,fabric-line-5,late,supply_and_production_break
PRD-00365,SHP-202601-02,2,케어라벨사,W2WPM10GY,여름,여성,혼방,바지,그레이,31613,31613,장,31.613,2026-01-05,2026-01-16,2026-01-18,11,2,N,label-line-6,tight,supply_and_production_break
PRD-00366,SHP-202601-02,3,지퍼단추사,W2WPM10GY,여름,여성,혼방,바지,그레이,31613,31613,개,158.065,2026-01-04,2026-01-16,2026-01-18,12,2,N,zipper-line-1,tight,supply_and_production_break
PRD-00367,SHP-202601-03,1,옷감사,W3MJW01NV,가을,남성,울,재킷,네이비,31997,67193.7,야드,20158.1,2026-01-07,2026-01-24,2026-01-27,17,3,N,fabric-line-2,tight,supply_and_production_break
PRD-00368,SHP-202601-03,2,케어라벨사,W3MJW01NV,가을,남성,울,재킷,네이비,31997,31997,장,31.997,2026-01-18,2026-01-27,2026-01-27,9,0,N,label-line-3,tight,supply_and_production_break
PRD-00369,SHP-202601-03,3,지퍼단추사,W3MJW01NV,가을,남성,울,재킷,네이비,31997,63994,개,319.97,2026-01-12,2026-01-25,2026-01-27,13,2,N,zipper-line-4,tight,supply_and_production_break
PRD-00370,SHP-202602-01,1,옷감사,W2MTC08RD,여름,남성,면,티셔츠,레드,29097,34916.4,야드,10474.9,2026-01-19,2026-02-05,2026-02-07,17,2,N,fabric-line-5,tight,supply_and_production_break
PRD-00371,SHP-202602-01,2,케어라벨사,W2MTC08RD,여름,남성,면,티셔츠,레드,29097,29097,장,29.097,2026-01-24,2026-02-04,2026-02-07,11,3,N,label-line-6,tight,supply_and_production_break
PRD-00372,SHP-202602-01,3,지퍼단추사,W2MTC08RD,여름,남성,면,티셔츠,레드,29097,29097,개,145.485,2026-01-19,2026-02-01,2026-02-07,13,6,N,zipper-line-1,normal,supply_and_production_break
PRD-00373,SHP-202602-02,1,옷감사,W2WPL07BE,여름,여성,린넨,바지,베이지,26824,42918.4,야드,12875.5,2026-01-29,2026-02-15,2026-02-15,17,0,N,fabric-line-2,tight,supply_and_production_break
PRD-00374,SHP-202602-02,2,케어라벨사,W2WPL07BE,여름,여성,린넨,바지,베이지,26824,26824,장,26.824,2026-02-03,2026-02-13,2026-02-15,10,2,N,label-line-3,tight,supply_and_production_break
PRD-00375,SHP-202602-02,3,지퍼단추사,W2WPL07BE,여름,여성,린넨,바지,베이지,26824,26824,개,134.12,2026-01-29,2026-02-09,2026-02-15,11,6,N,zipper-line-4,normal,supply_and_production_break
PRD-00376,SHP-202602-03,1,옷감사,W1MTP05BE,봄,남성,폴리에스터,티셔츠,베이지,29956,35947.2,야드,10784.2,2026-02-02,2026-02-20,2026-02-23,18,3,N,fabric-line-5,tight,supply_and_production_break
PRD-00377,SHP-202602-03,2,케어라벨사,W1MTP05BE,봄,남성,폴리에스터,티셔츠,베이지,29956,29956,장,29.956,2026-02-11,2026-02-21,2026-02-23,10,2,N,label-line-6,tight,supply_and_production_break
PRD-00378,SHP-202602-03,3,지퍼단추사,W1MTP05BE,봄,남성,폴리에스터,티셔츠,베이지,29956,29956,개,149.78,2026-02-11,2026-02-23,2026-02-23,12,0,N,zipper-line-1,tight,supply_and_production_break
PRD-00379,SHP-202602-04,1,옷감사,W2WTL06WH,여름,여성,린넨,티셔츠,화이트,27179,32614.8,야드,9784.4,2026-02-07,2026-02-26,2026-02-28,19,2,N,fabric-line-2,tight,supply_and_production_break
PRD-00380,SHP-202602-04,2,케어라벨사,W2WTL06WH,여름,여성,린넨,티셔츠,화이트,27179,27179,장,27.179,2026-02-13,2026-02-25,2026-02-28,12,3,N,label-line-3,tight,supply_and_production_break
PRD-00381,SHP-202602-04,3,지퍼단추사,W2WTL06WH,여름,여성,린넨,티셔츠,화이트,27179,27179,개,135.895,2026-02-15,2026-03-01,2026-02-28,14,-1,Y,zipper-line-4,late,supply_and_production_break
PRD-00382,SHP-202603-01,1,옷감사,W2WPM10GY,여름,여성,혼방,바지,그레이,30129,48206.4,야드,14461.9,2026-02-20,2026-03-10,2026-03-08,18,-2,Y,fabric-line-5,late,supply_and_production_break
PRD-00383,SHP-202603-01,2,케어라벨사,W2WPM10GY,여름,여성,혼방,바지,그레이,30129,30129,장,30.129,2026-02-19,2026-03-03,2026-03-08,12,5,N,label-line-6,tight,supply_and_production_break
PRD-00384,SHP-202603-01,3,지퍼단추사,W2WPM10GY,여름,여성,혼방,바지,그레이,30129,30129,개,150.645,2026-02-24,2026-03-08,2026-03-08,12,0,N,zipper-line-1,tight,supply_and_production_break
PRD-00385,SHP-202603-02,1,옷감사,W3MJW01NV,가을,남성,울,재킷,네이비,36238,76099.8,야드,22829.9,2026-03-03,2026-03-20,2026-03-18,17,-2,Y,fabric-line-2,late,supply_and_production_break
PRD-00386,SHP-202603-02,2,케어라벨사,W3MJW01NV,가을,남성,울,재킷,네이비,36238,36238,장,36.238,2026-03-06,2026-03-15,2026-03-18,9,3,N,label-line-3,tight,supply_and_production_break
PRD-00387,SHP-202603-02,3,지퍼단추사,W3MJW01NV,가을,남성,울,재킷,네이비,36238,72476,개,362.38,2026-03-02,2026-03-16,2026-03-18,14,2,N,zipper-line-4,tight,supply_and_production_break
PRD-00388,SHP-202603-03,1,옷감사,W4WDP11BK,겨울,여성,폴리에스터,다운,블랙,31715,76116.0,야드,22834.8,2026-03-05,2026-03-22,2026-03-27,17,5,N,fabric-line-5,tight,supply_and_production_break
PRD-00389,SHP-202603-03,2,케어라벨사,W4WDP11BK,겨울,여성,폴리에스터,다운,블랙,31715,31715,장,31.715,2026-03-14,2026-03-26,2026-03-27,12,1,N,label-line-6,tight,supply_and_production_break
PRD-00390,SHP-202603-03,3,지퍼단추사,W4WDP11BK,겨울,여성,폴리에스터,다운,블랙,31715,31715,개,158.575,2026-03-15,2026-03-26,2026-03-27,11,1,N,zipper-line-1,tight,supply_and_production_break
PRD-00391,SHP-202604-01,1,옷감사,W2WPL07BE,여름,여성,린넨,바지,베이지,32857,52571.2,야드,15771.4,2026-03-22,2026-04-07,2026-04-08,16,1,N,fabric-line-2,tight,supply_and_production_break
PRD-00392,SHP-202604-01,2,케어라벨사,W2WPL07BE,여름,여성,린넨,바지,베이지,32857,32857,장,32.857,2026-03-23,2026-04-04,2026-04-08,12,4,N,label-line-3,tight,supply_and_production_break
PRD-00393,SHP-202604-01,3,지퍼단추사,W2WPL07BE,여름,여성,린넨,바지,베이지,32857,32857,개,164.285,2026-03-20,2026-04-02,2026-04-08,13,6,N,zipper-line-4,normal,supply_and_production_break
PRD-00394,SHP-202604-02,1,옷감사,W1MTP05BE,봄,남성,폴리에스터,티셔츠,베이지,35193,42231.6,야드,12669.5,2026-03-27,2026-04-14,2026-04-18,18,4,N,fabric-line-5,tight,supply_and_production_break
PRD-00395,SHP-202604-02,2,케어라벨사,W1MTP05BE,봄,남성,폴리에스터,티셔츠,베이지,35193,35193,장,35.193,2026-04-01,2026-04-13,2026-04-18,12,5,N,label-line-6,tight,supply_and_production_break
PRD-00396,SHP-202604-02,3,지퍼단추사,W1MTP05BE,봄,남성,폴리에스터,티셔츠,베이지,35193,35193,개,175.965,2026-04-01,2026-04-14,2026-04-18,13,4,N,zipper-line-1,tight,supply_and_production_break
PRD-00397,SHP-202604-03,1,옷감사,W2WTL06WH,여름,여성,린넨,티셔츠,화이트,36646,43975.2,야드,13192.6,2026-04-09,2026-04-25,2026-04-27,16,2,N,fabric-line-2,tight,supply_and_production_break
PRD-00398,SHP-202604-03,2,케어라벨사,W2WTL06WH,여름,여성,린넨,티셔츠,화이트,36646,36646,장,36.646,2026-04-12,2026-04-22,2026-04-27,10,5,N,label-line-3,tight,supply_and_production_break
PRD-00399,SHP-202604-03,3,지퍼단추사,W2WTL06WH,여름,여성,린넨,티셔츠,화이트,36646,36646,개,183.23,2026-04-10,2026-04-22,2026-04-27,12,5,N,zipper-line-4,tight,supply_and_production_break
PRD-00400,SHP-202605-01,1,옷감사,W2WPM10GY,여름,여성,혼방,바지,그레이,40485,64776.0,야드,19432.8,2026-04-15,2026-05-02,2026-05-07,17,5,N,fabric-line-5,tight,supply_and_production_break
PRD-00401,SHP-202605-01,2,케어라벨사,W2WPM10GY,여름,여성,혼방,바지,그레이,40485,40485,장,40.485,2026-04-22,2026-05-01,2026-05-07,9,6,N,label-line-6,normal,supply_and_production_break
PRD-00402,SHP-202605-01,3,지퍼단추사,W2WPM10GY,여름,여성,혼방,바지,그레이,40485,40485,개,202.425,2026-04-22,2026-05-04,2026-05-07,12,3,N,zipper-line-1,tight,supply_and_production_break
PRD-00403,SHP-202605-02,1,옷감사,W3MJW01NV,가을,남성,울,재킷,네이비,35479,74505.9,야드,22351.8,2026-04-25,2026-05-11,2026-05-15,16,4,N,fabric-line-2,tight,supply_and_production_break
PRD-00404,SHP-202605-02,2,케어라벨사,W3MJW01NV,가을,남성,울,재킷,네이비,35479,35479,장,35.479,2026-04-27,2026-05-09,2026-05-15,12,6,N,label-line-3,normal,supply_and_production_break
PRD-00405,SHP-202605-02,3,지퍼단추사,W3MJW01NV,가을,남성,울,재킷,네이비,35479,70958,개,354.79,2026-05-02,2026-05-13,2026-05-15,11,2,N,zipper-line-4,tight,supply_and_production_break
PRD-00406,SHP-202605-03,1,옷감사,W4WDP11BK,겨울,여성,폴리에스터,다운,블랙,37448,89875.2,야드,26962.6,2026-05-01,2026-05-19,2026-05-23,18,4,N,fabric-line-5,tight,supply_and_production_break
PRD-00407,SHP-202605-03,2,케어라벨사,W4WDP11BK,겨울,여성,폴리에스터,다운,블랙,37448,37448,장,37.448,2026-05-11,2026-05-21,2026-05-23,10,2,N,label-line-6,tight,supply_and_production_break
PRD-00408,SHP-202605-03,3,지퍼단추사,W4WDP11BK,겨울,여성,폴리에스터,다운,블랙,37448,37448,개,187.24,2026-05-08,2026-05-19,2026-05-23,11,4,N,zipper-line-1,tight,supply_and_production_break
PRD-00409,SHP-202605-04,1,옷감사,W2MTC08RD,여름,남성,면,티셔츠,레드,39083,46899.6,야드,14069.9,2026-05-10,2026-05-27,2026-05-28,17,1,N,fabric-line-2,tight,supply_and_production_break
PRD-00410,SHP-202605-04,2,케어라벨사,W2MTC08RD,여름,남성,면,티셔츠,레드,39083,39083,장,39.083,2026-05-14,2026-05-26,2026-05-28,12,2,N,label-line-3,tight,supply_and_production_break
PRD-00411,SHP-202605-04,3,지퍼단추사,W2MTC08RD,여름,남성,면,티셔츠,레드,39083,39083,개,195.415,2026-05-13,2026-05-26,2026-05-28,13,2,N,zipper-line-4,tight,supply_and_production_break
PRD-00412,SHP-202606-01,1,옷감사,W1MTP05BE,봄,남성,폴리에스터,티셔츠,베이지,44045,52854.0,야드,15856.2,2026-05-20,2026-06-08,2026-06-08,19,0,N,fabric-line-5,tight,supply_and_production_break
PRD-00413,SHP-202606-01,2,케어라벨사,W1MTP05BE,봄,남성,폴리에스터,티셔츠,베이지,44045,44045,장,44.045,2026-05-29,2026-06-07,2026-06-08,9,1,N,label-line-6,tight,supply_and_production_break
PRD-00414,SHP-202606-01,3,지퍼단추사,W1MTP05BE,봄,남성,폴리에스터,티셔츠,베이지,44045,44045,개,220.225,2026-05-27,2026-06-07,2026-06-08,11,1,N,zipper-line-1,tight,supply_and_production_break
PRD-00415,SHP-202606-02,1,옷감사,W2WTL06WH,여름,여성,린넨,티셔츠,화이트,35166,42199.2,야드,12659.8,2026-06-01,2026-06-20,2026-06-18,19,-2,Y,fabric-line-2,late,supply_and_production_break
PRD-00416,SHP-202606-02,2,케어라벨사,W2WTL06WH,여름,여성,린넨,티셔츠,화이트,35166,35166,장,35.166,2026-06-05,2026-06-16,2026-06-18,11,2,N,label-line-3,tight,supply_and_production_break
PRD-00417,SHP-202606-02,3,지퍼단추사,W2WTL06WH,여름,여성,린넨,티셔츠,화이트,35166,35166,개,175.83,2026-06-02,2026-06-14,2026-06-18,12,4,N,zipper-line-4,tight,supply_and_production_break
PRD-00418,SHP-202606-03,1,옷감사,W2MPL09NV,여름,남성,린넨,바지,네이비,33338,53340.8,야드,16002.2,2026-06-06,2026-06-22,2026-06-27,16,5,N,fabric-line-5,tight,supply_and_production_break
PRD-00419,SHP-202606-03,2,케어라벨사,W2MPL09NV,여름,남성,린넨,바지,네이비,33338,33338,장,33.338,2026-06-13,2026-06-24,2026-06-27,11,3,N,label-line-6,tight,supply_and_production_break
PRD-00420,SHP-202606-03,3,지퍼단추사,W2MPL09NV,여름,남성,린넨,바지,네이비,33338,33338,개,166.69,2026-06-14,2026-06-28,2026-06-27,14,-1,Y,zipper-line-1,late,supply_and_production_break
PRD-00421,SHP-202607-01,1,옷감사,W3MJW01NV,가을,남성,울,재킷,네이비,36658,76981.8,야드,23094.5,2026-06-16,2026-07-02,2026-07-03,16,1,N,fabric-line-2,tight,july_normal
PRD-00422,SHP-202607-01,2,케어라벨사,W3MJW01NV,가을,남성,울,재킷,네이비,36658,36658,장,36.658,2026-06-18,2026-06-27,2026-07-03,9,6,N,label-line-3,normal,july_normal
PRD-00423,SHP-202607-01,3,지퍼단추사,W3MJW01NV,가을,남성,울,재킷,네이비,36658,73316,개,366.58,2026-06-22,2026-07-03,2026-07-03,11,0,N,zipper-line-4,tight,july_normal
PRD-00424,SHP-202607-02,1,옷감사,W4WDP11BK,겨울,여성,폴리에스터,다운,블랙,38344,92025.6,야드,27607.7,2026-06-25,2026-07-11,2026-07-10,16,-1,Y,fabric-line-5,late,july_due_day_pressure
PRD-00425,SHP-202607-02,2,케어라벨사,W4WDP11BK,겨울,여성,폴리에스터,다운,블랙,38344,38344,장,38.344,2026-06-28,2026-07-09,2026-07-10,11,1,N,label-line-6,tight,july_due_day_pressure
PRD-00426,SHP-202607-02,3,지퍼단추사,W4WDP11BK,겨울,여성,폴리에스터,다운,블랙,38344,38344,개,191.72,2026-06-22,2026-07-05,2026-07-10,13,5,N,zipper-line-1,tight,july_due_day_pressure
PRD-00427,SHP-202607-03,1,옷감사,W2MTC08RD,여름,남성,면,티셔츠,레드,35769,42922.8,야드,12876.8,2026-06-28,2026-07-16,2026-07-17,18,1,N,fabric-line-2,tight,july_round_trip_candidate
PRD-00428,SHP-202607-03,2,케어라벨사,W2MTC08RD,여름,남성,면,티셔츠,레드,35769,35769,장,35.769,2026-06-28,2026-07-10,2026-07-17,12,7,N,label-line-3,normal,july_round_trip_candidate
PRD-00429,SHP-202607-03,3,지퍼단추사,W2MTC08RD,여름,남성,면,티셔츠,레드,35769,35769,개,178.845,2026-07-02,2026-07-14,2026-07-17,12,3,N,zipper-line-4,tight,july_round_trip_candidate
PRD-00430,SHP-202607-04,1,옷감사,W2WPL07BE,여름,여성,린넨,바지,베이지,43078,68924.8,야드,20677.4,2026-07-06,2026-07-24,2026-07-24,18,0,N,fabric-line-5,tight,july_heavy_load
PRD-00431,SHP-202607-04,2,케어라벨사,W2WPL07BE,여름,여성,린넨,바지,베이지,43078,43078,장,43.078,2026-07-13,2026-07-22,2026-07-24,9,2,N,label-line-6,tight,july_heavy_load
PRD-00432,SHP-202607-04,3,지퍼단추사,W2WPL07BE,여름,여성,린넨,바지,베이지,43078,43078,개,215.39,2026-07-06,2026-07-20,2026-07-24,14,4,N,zipper-line-1,tight,july_heavy_load
PRD-00433,SHP-202607-05,1,옷감사,W1MTP05BE,봄,남성,폴리에스터,티셔츠,베이지,41800,50160.0,야드,15048.0,2026-07-10,2026-07-28,2026-07-31,18,3,N,fabric-line-2,tight,july_duplicate_guard
PRD-00434,SHP-202607-05,2,케어라벨사,W1MTP05BE,봄,남성,폴리에스터,티셔츠,베이지,41800,41800,장,41.8,2026-07-16,2026-07-25,2026-07-31,9,6,N,label-line-3,normal,july_duplicate_guard
PRD-00435,SHP-202607-05,3,지퍼단추사,W1MTP05BE,봄,남성,폴리에스터,티셔츠,베이지,41800,41800,개,209.0,2026-07-13,2026-07-26,2026-07-31,13,5,N,zipper-line-4,tight,july_duplicate_guard
PRD-00436,SHP-202608-01,1,옷감사,W2MPL09NV,여름,남성,린넨,바지,네이비,32303,51684.8,야드,15505.4,2026-07-22,2026-08-07,2026-08-07,16,0,N,fabric-line-5,tight,supply_and_production_break
PRD-00437,SHP-202608-01,2,케어라벨사,W2MPL09NV,여름,남성,린넨,바지,네이비,32303,32303,장,32.303,2026-07-21,2026-08-01,2026-08-07,11,6,N,label-line-6,normal,supply_and_production_break
PRD-00438,SHP-202608-01,3,지퍼단추사,W2MPL09NV,여름,남성,린넨,바지,네이비,32303,32303,개,161.515,2026-07-22,2026-08-05,2026-08-07,14,2,N,zipper-line-1,tight,supply_and_production_break
PRD-00439,SHP-202608-02,1,옷감사,W2WPM10GY,여름,여성,혼방,바지,그레이,37354,59766.4,야드,17929.9,2026-07-25,2026-08-10,2026-08-15,16,5,N,fabric-line-2,tight,supply_and_production_break
PRD-00440,SHP-202608-02,2,케어라벨사,W2WPM10GY,여름,여성,혼방,바지,그레이,37354,37354,장,37.354,2026-08-05,2026-08-15,2026-08-15,10,0,N,label-line-3,tight,supply_and_production_break
PRD-00441,SHP-202608-02,3,지퍼단추사,W2WPM10GY,여름,여성,혼방,바지,그레이,37354,37354,개,186.77,2026-07-31,2026-08-13,2026-08-15,13,2,N,zipper-line-4,tight,supply_and_production_break
PRD-00442,SHP-202608-03,1,옷감사,W3MJW01NV,가을,남성,울,재킷,네이비,31068,65242.8,야드,19572.8,2026-08-03,2026-08-21,2026-08-23,18,2,N,fabric-line-5,tight,supply_and_production_break
PRD-00443,SHP-202608-03,2,케어라벨사,W3MJW01NV,가을,남성,울,재킷,네이비,31068,31068,장,31.068,2026-08-13,2026-08-22,2026-08-23,9,1,N,label-line-6,tight,supply_and_production_break
PRD-00444,SHP-202608-03,3,지퍼단추사,W3MJW01NV,가을,남성,울,재킷,네이비,31068,62136,개,310.68,2026-08-09,2026-08-20,2026-08-23,11,3,N,zipper-line-1,tight,supply_and_production_break
PRD-00445,SHP-202608-04,1,옷감사,W4WDP11BK,겨울,여성,폴리에스터,다운,블랙,34112,81868.8,야드,24560.6,2026-08-09,2026-08-28,2026-08-28,19,0,N,fabric-line-2,tight,supply_and_production_break
PRD-00446,SHP-202608-04,2,케어라벨사,W4WDP11BK,겨울,여성,폴리에스터,다운,블랙,34112,34112,장,34.112,2026-08-16,2026-08-25,2026-08-28,9,3,N,label-line-3,tight,supply_and_production_break
PRD-00447,SHP-202608-04,3,지퍼단추사,W4WDP11BK,겨울,여성,폴리에스터,다운,블랙,34112,34112,개,170.56,2026-08-10,2026-08-24,2026-08-28,14,4,N,zipper-line-4,tight,supply_and_production_break
PRD-00448,SHP-202609-01,1,옷감사,W2WPL07BE,여름,여성,린넨,바지,베이지,36809,58894.4,야드,17668.3,2026-08-18,2026-09-04,2026-09-08,17,4,N,fabric-line-5,tight,supply_and_production_break
PRD-00449,SHP-202609-01,2,케어라벨사,W2WPL07BE,여름,여성,린넨,바지,베이지,36809,36809,장,36.809,2026-08-25,2026-09-06,2026-09-08,12,2,N,label-line-6,tight,supply_and_production_break
PRD-00450,SHP-202609-01,3,지퍼단추사,W2WPL07BE,여름,여성,린넨,바지,베이지,36809,36809,개,184.045,2026-08-27,2026-09-08,2026-09-08,12,0,N,zipper-line-1,tight,supply_and_production_break
PRD-00451,SHP-202609-02,1,옷감사,W1MTP05BE,봄,남성,폴리에스터,티셔츠,베이지,29471,35365.2,야드,10609.6,2026-08-31,2026-09-18,2026-09-18,18,0,N,fabric-line-2,tight,supply_and_production_break
PRD-00452,SHP-202609-02,2,케어라벨사,W1MTP05BE,봄,남성,폴리에스터,티셔츠,베이지,29471,29471,장,29.471,2026-08-30,2026-09-11,2026-09-18,12,7,N,label-line-3,normal,supply_and_production_break
PRD-00453,SHP-202609-02,3,지퍼단추사,W1MTP05BE,봄,남성,폴리에스터,티셔츠,베이지,29471,29471,개,147.355,2026-09-05,2026-09-16,2026-09-18,11,2,N,zipper-line-4,tight,supply_and_production_break
PRD-00454,SHP-202609-03,1,옷감사,W2WTL06WH,여름,여성,린넨,티셔츠,화이트,34319,41182.8,야드,12354.8,2026-09-11,2026-09-28,2026-09-27,17,-1,Y,fabric-line-5,late,supply_and_production_break
PRD-00455,SHP-202609-03,2,케어라벨사,W2WTL06WH,여름,여성,린넨,티셔츠,화이트,34319,34319,장,34.319,2026-09-12,2026-09-21,2026-09-27,9,6,N,label-line-6,normal,supply_and_production_break
PRD-00456,SHP-202609-03,3,지퍼단추사,W2WTL06WH,여름,여성,린넨,티셔츠,화이트,34319,34319,개,171.595,2026-09-08,2026-09-21,2026-09-27,13,6,N,zipper-line-1,normal,supply_and_production_break
PRD-00457,SHP-202610-01,1,옷감사,W2WPM10GY,여름,여성,혼방,바지,그레이,40729,65166.4,야드,19549.9,2026-09-15,2026-10-04,2026-10-08,19,4,N,fabric-line-2,tight,supply_and_production_break
PRD-00458,SHP-202610-01,2,케어라벨사,W2WPM10GY,여름,여성,혼방,바지,그레이,40729,40729,장,40.729,2026-09-23,2026-10-02,2026-10-08,9,6,N,label-line-3,normal,supply_and_production_break
PRD-00459,SHP-202610-01,3,지퍼단추사,W2WPM10GY,여름,여성,혼방,바지,그레이,40729,40729,개,203.645,2026-09-20,2026-10-04,2026-10-08,14,4,N,zipper-line-4,tight,supply_and_production_break
PRD-00460,SHP-202610-02,1,옷감사,W3MJW01NV,가을,남성,울,재킷,네이비,39399,82737.9,야드,24821.4,2026-10-01,2026-10-17,2026-10-18,16,1,N,fabric-line-5,tight,supply_and_production_break
PRD-00461,SHP-202610-02,2,케어라벨사,W3MJW01NV,가을,남성,울,재킷,네이비,39399,39399,장,39.399,2026-09-29,2026-10-11,2026-10-18,12,7,N,label-line-6,normal,supply_and_production_break
PRD-00462,SHP-202610-02,3,지퍼단추사,W3MJW01NV,가을,남성,울,재킷,네이비,39399,78798,개,393.99,2026-10-01,2026-10-13,2026-10-18,12,5,N,zipper-line-1,tight,supply_and_production_break
PRD-00463,SHP-202610-03,1,옷감사,W4WDP11BK,겨울,여성,폴리에스터,다운,블랙,40372,96892.8,야드,29067.8,2026-10-07,2026-10-25,2026-10-27,18,2,N,fabric-line-2,tight,supply_and_production_break
PRD-00464,SHP-202610-03,2,케어라벨사,W4WDP11BK,겨울,여성,폴리에스터,다운,블랙,40372,40372,장,40.372,2026-10-12,2026-10-22,2026-10-27,10,5,N,label-line-3,tight,supply_and_production_break
PRD-00465,SHP-202610-03,3,지퍼단추사,W4WDP11BK,겨울,여성,폴리에스터,다운,블랙,40372,40372,개,201.86,2026-10-09,2026-10-22,2026-10-27,13,5,N,zipper-line-4,tight,supply_and_production_break
PRD-00466,SHP-202611-01,1,옷감사,W2WPL07BE,여름,여성,린넨,바지,베이지,42351,67761.6,야드,20328.5,2026-10-20,2026-11-07,2026-11-07,18,0,N,fabric-line-5,tight,supply_and_production_break
PRD-00467,SHP-202611-01,2,케어라벨사,W2WPL07BE,여름,여성,린넨,바지,베이지,42351,42351,장,42.351,2026-10-27,2026-11-05,2026-11-07,9,2,N,label-line-6,tight,supply_and_production_break
PRD-00468,SHP-202611-01,3,지퍼단추사,W2WPL07BE,여름,여성,린넨,바지,베이지,42351,42351,개,211.755,2026-10-23,2026-11-05,2026-11-07,13,2,N,zipper-line-1,tight,supply_and_production_break
PRD-00469,SHP-202611-02,1,옷감사,W1MTP05BE,봄,남성,폴리에스터,티셔츠,베이지,42138,50565.6,야드,15169.7,2026-10-27,2026-11-13,2026-11-15,17,2,N,fabric-line-2,tight,supply_and_production_break
PRD-00470,SHP-202611-02,2,케어라벨사,W1MTP05BE,봄,남성,폴리에스터,티셔츠,베이지,42138,42138,장,42.138,2026-11-03,2026-11-14,2026-11-15,11,1,N,label-line-3,tight,supply_and_production_break
PRD-00471,SHP-202611-02,3,지퍼단추사,W1MTP05BE,봄,남성,폴리에스터,티셔츠,베이지,42138,42138,개,210.69,2026-10-31,2026-11-13,2026-11-15,13,2,N,zipper-line-4,tight,supply_and_production_break
PRD-00472,SHP-202611-03,1,옷감사,W2WTL06WH,여름,여성,린넨,티셔츠,화이트,33824,40588.8,야드,12176.6,2026-10-31,2026-11-19,2026-11-23,19,4,N,fabric-line-5,tight,supply_and_production_break
PRD-00473,SHP-202611-03,2,케어라벨사,W2WTL06WH,여름,여성,린넨,티셔츠,화이트,33824,33824,장,33.824,2026-11-05,2026-11-17,2026-11-23,12,6,N,label-line-6,normal,supply_and_production_break
PRD-00474,SHP-202611-03,3,지퍼단추사,W2WTL06WH,여름,여성,린넨,티셔츠,화이트,33824,33824,개,169.12,2026-11-08,2026-11-20,2026-11-23,12,3,N,zipper-line-1,tight,supply_and_production_break
PRD-00475,SHP-202611-04,1,옷감사,W2MPL09NV,여름,남성,린넨,바지,네이비,39120,62592.0,야드,18777.6,2026-11-12,2026-11-30,2026-11-28,18,-2,Y,fabric-line-2,late,supply_and_production_break
PRD-00476,SHP-202611-04,2,케어라벨사,W2MPL09NV,여름,남성,린넨,바지,네이비,39120,39120,장,39.12,2026-11-14,2026-11-24,2026-11-28,10,4,N,label-line-3,tight,supply_and_production_break
PRD-00477,SHP-202611-04,3,지퍼단추사,W2MPL09NV,여름,남성,린넨,바지,네이비,39120,39120,개,195.6,2026-11-14,2026-11-27,2026-11-28,13,1,N,zipper-line-4,tight,supply_and_production_break
PRD-00478,SHP-202612-01,1,옷감사,W3MJW01NV,가을,남성,울,재킷,네이비,37547,78848.7,야드,23654.6,2026-11-22,2026-12-10,2026-12-08,18,-2,Y,fabric-line-5,late,supply_and_production_break
PRD-00479,SHP-202612-01,2,케어라벨사,W3MJW01NV,가을,남성,울,재킷,네이비,37547,37547,장,37.547,2026-11-21,2026-12-01,2026-12-08,10,7,N,label-line-6,normal,supply_and_production_break
PRD-00480,SHP-202612-01,3,지퍼단추사,W3MJW01NV,가을,남성,울,재킷,네이비,37547,75094,개,375.47,2026-11-21,2026-12-02,2026-12-08,11,6,N,zipper-line-1,normal,supply_and_production_break
PRD-00481,SHP-202612-02,1,옷감사,W4WDP11BK,겨울,여성,폴리에스터,다운,블랙,39044,93705.6,야드,28111.7,2026-12-03,2026-12-19,2026-12-18,16,-1,Y,fabric-line-2,late,supply_and_production_break
PRD-00482,SHP-202612-02,2,케어라벨사,W4WDP11BK,겨울,여성,폴리에스터,다운,블랙,39044,39044,장,39.044,2026-12-07,2026-12-16,2026-12-18,9,2,N,label-line-3,tight,supply_and_production_break
PRD-00483,SHP-202612-02,3,지퍼단추사,W4WDP11BK,겨울,여성,폴리에스터,다운,블랙,39044,39044,개,195.22,2026-12-02,2026-12-13,2026-12-18,11,5,N,zipper-line-4,tight,supply_and_production_break
PRD-00484,SHP-202612-03,1,옷감사,W2MTC08RD,여름,남성,면,티셔츠,레드,36345,43614.0,야드,13084.2,2026-12-08,2026-12-27,2026-12-27,19,0,N,fabric-line-5,tight,supply_and_production_break
PRD-00485,SHP-202612-03,2,케어라벨사,W2MTC08RD,여름,남성,면,티셔츠,레드,36345,36345,장,36.345,2026-12-11,2026-12-22,2026-12-27,11,5,N,label-line-6,tight,supply_and_production_break
PRD-00486,SHP-202612-03,3,지퍼단추사,W2MTC08RD,여름,남성,면,티셔츠,레드,36345,36345,개,181.725,2026-12-14,2026-12-27,2026-12-27,13,0,N,zipper-line-1,tight,supply_and_production_break
